2017,7201,ART & DESIGN ADV (ART CRAFT & DES),480,386,360,311,262,213,165
2017,7202,ART & DESIGN ADV (FINE ART),480,386,360,311,262,213,165
2017,7203,ART & DESIGN ADV (GRAPHIC COMM),480,386,360,311,262,213,165
2017,7204,ART & DESIGN ADV (TEXTILE DESIGN),480,386,360,311,262,213,165
2017,7205,ART & DESIGN ADV (3D DESIGN),480,386,360,311,262,213,165
2017,7206,ART & DESIGN ADV (PHOTOGRAPHY),480,399,375,331,287,243,200
2017,7402,BIOLOGY ADV,260,174,147,124,101,78,56
2017,7132,BUSINESS ADV,300,220,195,166,137,108,79
2017,7405,CHEMISTRY ADV,300,246,204,169,134,99,64
2017,7517A,COMPUTER SCIENCE ADV (C#),375,316,264,219,174,129,84
2017,7517B,COMPUTER SCIENCE ADV (JAVA),375,316,264,219,174,129,84
2017,7517C,COMPUTER SCIENCE ADV (PASCAL/DELPHI),375,316,264,219,174,129,84
2017,7517D,COMPUTER SCIENCE ADV (PYTHON),375,316,264,219,174,129,84
2017,7517E,COMPUTER SCIENCE ADV (VB.NET),375,316,264,219,174,129,84
2017,7136,ECONOMICS ADV,240,193,167,144,121,99,77
2017,7707,ENGLISH LANGUAGE AND LITERATURE ADV,250,199,177,149,122,95,68
2017,7702,ENGLISH LANGUAGE ADV,500,426,373,316,259,202,145
2017,7712A,ENGLISH LITERATURE A ADV OPTION A,375,316,280,239,198,157,117
2017,7712B,ENGLISH LITERATURE A ADV OPTION B,375,320,282,236,190,144,99
2017,7717AA,ENGLISH LITERATURE B ADV OPTION AA,375,302,267,229,191,153,115
2017,7717AB,ENGLISH LITERATURE B ADV OPTION AB,375,305,269,231,193,156,119
2017,7717BA,ENGLISH LITERATURE B ADV OPTION BA,375,317,279,236,193,151,109
2017,7717BB,ENGLISH LITERATURE B ADV OPTION BB,375,317,281,239,197,155,113
2017,7042AA,HISTORY ADV OPTION AA,200,153,130,109,88,67,47
2017,7042AB,HISTORY ADV OPTION AB,200,161,132,111,90,70,50
2017,7042AD,HISTORY ADV OPTION AD,200,156,137,115,93,71,49
2017,7042AE,HISTORY ADV OPTION AE,200,178,141,117,93,70,47
2017,7042AM,HISTORY ADV OPTION AM,200,145,136,114,92,70,48
2017,7042AS,HISTORY ADV OPTION ADV,200,159,132,110,89,68,47
2017,7042BA,HISTORY ADV OPTION BA,200,154,144,123,102,81,60
2017,7042BB,HISTORY ADV OPTION BB,200,175,146,125,104,83,63
2017,7042BD,HISTORY ADV OPTION BD,200,168,151,128,106,84,62
2017,7042BE,HISTORY ADV OPTION BE,200,166,155,131,107,83,60
2017,7042BM,HISTORY ADV OPTION BM,200,167,150,127,105,83,61
2017,7042BS,HISTORY ADV OPTION BS,200,174,146,124,102,81,60
2017,7042CF,HISTORY ADV OPTION CF,200,160,136,114,92,70,48
2017,7042CG,HISTORY ADV OPTION CG,200,143,130,109,88,67,47
2017,7042CH,HISTORY ADV OPTION CH,200,152,131,110,89,68,47
2017,7042CJ,HISTORY ADV OPTION CJ,200,150,133,112,91,71,51
2017,7042CK,HISTORY ADV OPTION CK,200,149,127,107,87,68,49
2017,7042CL,HISTORY ADV OPTION CL,200,144,128,108,88,69,50
2017,7042CN,HISTORY ADV OPTION CN,200,152,131,110,89,68,47
2017,7042CO,HISTORY ADV OPTION CO,200,149,130,109,88,68,48
2017,7042CP,HISTORY ADV OPTION CP,200,151,132,111,91,71,51
2017,7042CQ,HISTORY ADV OPTION CQ,200,158,134,112,90,68,47
2017,7042CR,HISTORY ADV OPTION CR,200,152,129,108,87,67,47
2017,7042CT,HISTORY ADV OPTION CT,200,163,135,113,91,69,47
2017,7042DC,HISTORY ADV OPTION DC,200,173,148,125,102,79,56
2017,7042DG,HISTORY ADV OPTION DG,200,157,142,120,98,76,54
2017,7042DH,HISTORY ADV OPTION DH,200,164,143,120,98,76,54
2017,7042DJ,HISTORY ADV OPTION DJ,200,159,145,123,101,79,58
2017,7042DK,HISTORY ADV OPTION DK,200,172,139,118,97,76,56
2017,7042DL,HISTORY ADV OPTION DL,200,162,140,119,98,77,57
2017,7042DN,HISTORY ADV OPTION DN,200,164,143,120,98,76,54
2017,7042DO,HISTORY ADV OPTION DO,200,161,142,120,98,76,55
2017,7042DP,HISTORY ADV OPTION DP,200,169,144,122,100,79,58
2017,7042DQ,HISTORY ADV OPTION DQ,200,170,146,123,100,77,54
2017,7042DR,HISTORY ADV OPTION DR,200,165,141,119,97,75,54
2017,7042DT,HISTORY ADV OPTION DT,200,172,147,123,100,77,54
2017,7042EB,HISTORY ADV OPTION EB,200,156,138,117,97,77,57
2017,7042EE,HISTORY ADV OPTION EE,200,172,147,123,100,77,54
2017,7042EM,HISTORY ADV OPTION EM,200,160,142,120,98,76,55
2017,7042ES,HISTORY ADV OPTION ES,200,163,138,117,96,75,54
2017,7042FC,HISTORY ADV OPTION FC,200,156,145,122,99,76,53
2017,7042FF,HISTORY ADV OPTION FF,200,172,145,121,98,75,52
2017,7042FG,HISTORY ADV OPTION FG,200,174,139,117,95,73,51
2017,7042FH,HISTORY ADV OPTION FH,200,161,140,117,95,73,51
2017,7042FJ,HISTORY ADV OPTION FJ,200,160,142,120,98,76,55
2017,7042FL,HISTORY ADV OPTION FL,200,167,137,116,95,74,54
2017,7042FN,HISTORY ADV OPTION FN,200,159,140,117,95,73,51
2017,7042FO,HISTORY ADV OPTION FO,200,156,139,117,95,73,52
2017,7042FP,HISTORY ADV OPTION FP,200,164,141,119,97,76,55
2017,7042FQ,HISTORY ADV OPTION FQ,200,168,143,120,97,74,51
2017,7042FR,HISTORY ADV OPTION FR,200,161,138,116,94,72,51
2017,7042FT,HISTORY ADV OPTION FT,200,168,144,120,97,74,51
2017,7042GC,HISTORY ADV OPTION GC,200,160,136,114,92,70,49
2017,7042GF,HISTORY ADV OPTION GF,200,155,136,114,92,70,48
2017,7042GG,HISTORY ADV OPTION GG,200,146,130,109,88,67,47
2017,7042GH,HISTORY ADV OPTION GH,200,156,131,110,89,68,47
2017,7042GJ,HISTORY ADV OPTION GJ,200,155,133,112,91,71,51
2017,7042GL,HISTORY ADV OPTION GL,200,153,128,108,88,69,50
2017,7042GN,HISTORY ADV OPTION GN,200,165,131,110,89,68,47
2017,7042GO,HISTORY ADV OPTION GO,200,146,130,109,88,68,48
2017,7042GP,HISTORY ADV OPTION GP,200,149,132,111,91,71,51
2017,7042GQ,HISTORY ADV OPTION GQ,200,158,134,112,90,68,47
2017,7042GR,HISTORY ADV OPTION GR,200,156,129,108,87,67,47
2017,7042HA,HISTORY ADV OPTION HA,200,154,131,110,89,68,47
2017,7042HB,HISTORY ADV OPTION HB,200,154,133,112,91,70,50
2017,7042HD,HISTORY ADV OPTION HD,200,158,138,115,93,71,49
2017,7042HE,HISTORY ADV OPTION HE,200,167,142,118,94,70,47
2017,7042HM,HISTORY ADV OPTION HM,200,158,137,114,92,70,48
2017,7042HS,HISTORY ADV OPTION HS,200,154,133,111,89,68,47
2017,7042JF,HISTORY ADV OPTION JF,200,168,143,119,95,71,48
2017,7042JG,HISTORY ADV OPTION JG,200,163,137,114,91,69,47
2017,7042JH,HISTORY ADV OPTION JH,200,159,138,115,92,69,47
2017,7042JK,HISTORY ADV OPTION JK,200,156,134,112,91,70,49
2017,7042JL,HISTORY ADV OPTION JL,200,157,135,113,92,71,50
2017,7042JN,HISTORY ADV OPTION JN,200,169,138,115,92,69,47
2017,7042JO,HISTORY ADV OPTION JO,200,159,137,114,92,70,48
2017,7042JP,HISTORY ADV OPTION JP,200,163,139,117,95,73,51
2017,7042JQ,HISTORY ADV OPTION JQ,200,166,141,117,93,70,47
2017,7042JR,HISTORY ADV OPTION JR,200,154,136,113,91,69,47
2017,7042KA,HISTORY ADV OPTION KA,200,161,129,108,88,68,48
2017,7042KB,HISTORY ADV OPTION KB,200,153,131,111,91,71,51
2017,7042KD,HISTORY ADV OPTION KD,200,166,136,114,92,71,50
2017,7042KE,HISTORY ADV OPTION KE,200,167,140,117,94,71,48
2017,7042KM,HISTORY ADV OPTION KM,200,162,135,113,91,70,49
2017,7042KS,HISTORY ADV OPTION KS,200,152,131,110,89,68,48
2017,7042LA,HISTORY ADV OPTION LA,200,156,126,106,86,66,47
2017,7042LB,HISTORY ADV OPTION LB,200,149,128,108,88,69,50
2017,7042LD,HISTORY ADV OPTION LD,200,156,133,112,91,70,49
2017,7042LE,HISTORY ADV OPTION LE,200,159,137,114,91,69,47
2017,7042LM,HISTORY ADV OPTION LM,200,162,132,111,90,69,48
2017,7042LS,HISTORY ADV OPTION LS,200,149,128,107,87,67,47
2017,7408A,PHYSICS ADV OPTION A,250,181,149,126,103,81,59
2017,7408B,PHYSICS ADV OPTION A,250,174,142,120,98,76,54
2017,7408C,PHYSICS ADV OPTION A,250,183,151,127,103,79,56
2017,7408D,PHYSICS ADV OPTION A,250,176,145,122,99,76,53
2017,7408E,PHYSICS ADV OPTION A,250,183,152,129,106,83,61
2017,7182,PSYCHOLOGY ADV,288,217,193,164,135,106,78
2017,7192,SOCIOLOGY ADV,240,179,160,138,117,96,75
2018,7201,ART & DESIGN ADV (ART CRAFT & DES),480,391,365,315,265,215,165
2018,7202,ART & DESIGN ADV (FINE ART),480,391,365,315,265,215,165
2018,7203,ART & DESIGN ADV (GRAPHIC COMM),480,391,365,315,265,215,165
2018,7204,ART & DESIGN ADV (TEXTILE DESIGN),480,391,365,315,265,215,165
2018,7205,ART & DESIGN ADV (3D DESIGN),480,391,365,315,265,215,165
2018,7206,ART & DESIGN ADV (PHOTOGRAPHY),480,403,385,338,292,246,200
2018,7402,BIOLOGY ADV,260,166,138,116,94,72,50
2018,7132,BUSINESS ADV,300,221,196,166,137,108,79
2018,7405,CHEMISTRY ADV,300,241,198,163,128,94,60
2018,7517A,COMPUTER SCIENCE ADV (C#),375,314,260,215,170,125,80
2018,7517B,COMPUTER SCIENCE ADV (JAVA),375,314,260,215,170,125,80
2018,7517C,COMPUTER SCIENCE ADV (PASCAL/DELPHI),375,314,260,215,170,125,80
2018,7517D,COMPUTER SCIENCE ADV (PYTHON),375,314,260,215,170,125,80
2018,7517E,COMPUTER SCIENCE ADV (VB.NET),375,314,260,215,170,125,80
2018,7237,DANCE ADV,200,139,129,112,95,78,62
2018,7262,DRAMA AND THEATRE ADV,200,164,147,126,106,86,66
2018,7136,ECONOMICS ADV,240,188,163,140,117,94,72
2018,7702,ENGLISH LANGUAGE ADV,500,433,381,328,275,222,169
2018,7707,ENGLISH LANGUAGE AND LITERATURE ADV,250,196,175,150,126,102,78
2018,7712A,ENGLISH LITERATURE A ADV OPTION A,375,314,278,237,197,157,117
2018,7712B,ENGLISH LITERATURE A ADV OPTION B,375,319,282,239,196,153,111
2018,7717AA,ENGLISH LITERATURE B ADV OPTION AA,375,295,259,222,185,148,111
2018,7717AB,ENGLISH LITERATURE B ADV OPTION AB,375,303,265,226,187,149,111
2018,7717BA,ENGLISH LITERATURE B ADV OPTION BA,375,294,259,220,181,143,105
2018,7717BB,ENGLISH LITERATURE B ADV OPTION BB,375,300,265,225,185,145,105
2018,7652T,FRENCH ADV TEACHER COND OPTION,400,354,310,269,228,187,147
2018,7652V,FRENCH ADV VISITING EXR OPTION,400,354,310,269,228,187,147
2018,7037,GEOGRAPHY ADV,300,225,193,163,134,105,76
2018,7662T,GERMAN ADV TEACHER COND OPTION,400,345,281,236,191,146,101
2018,7662V,GERMAN ADV VISITING EXR OPTION,400,345,281,236,191,146,101
2018,7042AA,HISTORY ADV OPT AA,200,154,130,109,88,67,47
2018,7042AB,HISTORY ADV OPT AB,200,152,128,107,87,67,47
2018,7042AD,HISTORY ADV OPT AD,200,157,133,111,90,69,48
2018,7042AE,HISTORY ADV OPT AE,200,160,136,114,92,70,48
2018,7042AM,HISTORY ADV OPT AM,200,159,135,113,91,69,47
2018,7042AS,HISTORY ADV OPT AS,200,156,132,110,89,68,47
2018,7042BA,HISTORY ADV OPT BA,200,161,137,116,96,76,56
2018,7042BB,HISTORY ADV OPT BB,200,159,135,115,95,75,56
2018,7042BD,HISTORY ADV OPT BD,200,164,140,119,98,77,57
2018,7042BE,HISTORY ADV OPT BE,200,167,143,121,99,78,57
2018,7042BM,HISTORY ADV OPT BM,200,166,142,120,98,77,56
2018,7042BS,HISTORY ADV OPT BS,200,163,139,118,97,76,56
2018,7042CF,HISTORY ADV OPT CF,200,155,131,110,89,68,47
2018,7042CG,HISTORY ADV OPT CG,200,156,132,110,89,68,47
2018,7042CH,HISTORY ADV OPT CH,200,153,129,108,87,67,47
2018,7042CJ,HISTORY ADV OPT CJ,200,156,132,110,89,68,47
2018,7042CK,HISTORY ADV OPT CK,200,148,124,104,85,66,47
2018,7042CL,HISTORY ADV OPT CL,200,152,128,108,88,68,48
2018,7042CN,HISTORY ADV OPT CN,200,153,128,107,87,67,47
2018,7042CO,HISTORY ADV OPT CO,200,156,131,110,89,68,47
2018,7042CP,HISTORY ADV OPT CP,200,156,132,111,91,71,51
2018,7042CQ,HISTORY ADV OPT CQ,200,156,135,113,91,69,47
2018,7042CR,HISTORY ADV OPT CR,200,160,135,113,91,69,47
2018,7042CT,HISTORY ADV OPT CT,200,152,128,107,87,67,47
2018,7042DC,HISTORY ADV OPT DC,200,172,148,123,98,73,49
2018,7042DG,HISTORY ADV OPT DG,200,168,144,119,95,71,47
2018,7042DH,HISTORY ADV OPT DH,200,165,141,117,93,70,47
2018,7042DJ,HISTORY ADV OPT DJ,200,168,144,119,95,71,47
2018,7042DK,HISTORY ADV OPT DK,200,160,136,113,91,69,47
2018,7042DL,HISTORY ADV OPT DL,200,164,140,117,94,71,48
2018,7042DN,HISTORY ADV OPT DN,200,164,140,116,93,70,47
2018,7042DO,HISTORY ADV OPT DO,200,167,143,119,95,71,47
2018,7042DP,HISTORY ADV OPT DP,200,168,144,120,97,74,51
2018,7042DQ,HISTORY ADV OPT DQ,200,171,147,122,97,72,47
2018,7042DR,HISTORY ADV OPT DR,200,171,147,122,97,72,47
2018,7042DT,HISTORY ADV OPT DT,200,164,140,116,93,70,47
2018,7042EB,HISTORY ADV OPT EB,200,153,129,108,87,67,47
2018,7042EE,HISTORY ADV OPT EE,200,161,137,114,92,70,48
2018,7042EM,HISTORY ADV OPT EM,200,160,136,113,91,69,47
2018,7042ES,HISTORY ADV OPT ES,200,157,133,111,89,68,47
2018,7042FF,HISTORY ADV OPT FF,200,160,136,113,91,69,47
2018,7042FH,HISTORY ADV OPT FH,200,158,134,112,90,68,47
2018,7042FJ,HISTORY ADV OPT FJ,200,161,137,114,91,69,47
2018,7042FL,HISTORY ADV OPT FL,200,157,133,111,90,69,48
2018,7042FN,HISTORY ADV OPT FN,200,157,133,111,89,68,47
2018,7042FO,HISTORY ADV OPT FO,200,160,136,113,91,69,47
2018,7042FP,HISTORY ADV OPT FP,200,161,137,115,93,72,51
2018,7042FQ,HISTORY ADV OPT FQ,200,164,140,116,93,70,47
2018,7042FR,HISTORY ADV OPT FR,200,164,140,116,93,70,47
2018,7042FT,HISTORY ADV OPT FT,200,157,133,111,89,68,47
2018,7042GC,HISTORY ADV OPT GC,200,160,136,114,92,70,49
2018,7042GF,HISTORY ADV OPT GF,200,155,131,110,89,68,47
2018,7042GG,HISTORY ADV OPT GG,200,156,132,110,89,68,47
2018,7042GH,HISTORY ADV OPT GH,200,153,129,108,87,67,47
2018,7042GL,HISTORY ADV OPT GL,200,152,128,108,88,68,48
2018,7042GN,HISTORY ADV OPT GN,200,152,128,107,87,67,47
2018,7042GO,HISTORY ADV OPT GO,200,155,131,110,89,68,47
2018,7042GQ,HISTORY ADV OPT GQ,200,159,135,113,91,69,47
2018,7042GR,HISTORY ADV OPT GR,200,159,135,113,91,69,47
2018,7042HA,HISTORY ADV OPT HA,200,157,133,111,89,68,47
2018,7042HB,HISTORY ADV OPT HB,200,155,131,110,89,68,47
2018,7042HD,HISTORY ADV OPT HD,200,160,136,114,92,70,48
2018,7042HE,HISTORY ADV OPT HE,200,161,139,116,93,70,48
2018,7042HM,HISTORY ADV OPT HM,200,162,138,115,92,69,47
2018,7042HS,HISTORY ADV OPT HS,200,161,135,113,91,69,47
2018,7042JF,HISTORY ADV OPT JF,200,160,136,114,92,71,50
2018,7042JG,HISTORY ADV OPT JG,200,161,137,115,93,71,50
2018,7042JH,HISTORY ADV OPT JH,200,158,134,113,92,71,50
2018,7042JL,HISTORY ADV OPT JL,200,157,133,112,91,71,51
2018,7042JN,HISTORY ADV OPT JN,200,157,133,112,91,70,50
2018,7042JO,HISTORY ADV OPT JO,200,160,136,114,92,71,50
2018,7042JP,HISTORY ADV OPT JP,200,161,137,116,95,74,54
2018,7042JQ,HISTORY ADV OPT JQ,200,164,140,117,94,72,50
2018,7042JR,HISTORY ADV OPT JR,200,164,140,117,94,72,50
2018,7042JT,HISTORY ADV OPT JT,200,157,133,112,91,70,50
2018,7042KA,HISTORY ADV OPT KA,200,154,130,109,88,67,47
2018,7042KB,HISTORY ADV OPT KB,200,152,128,107,87,67,47
2018,7042KD,HISTORY ADV OPT KD,200,157,133,111,90,69,48
2018,7042KE,HISTORY ADV OPT KE,200,160,136,114,92,70,48
2018,7042KM,HISTORY ADV OPT KM,200,159,135,113,91,69,47
2018,7042KS,HISTORY ADV OPT KS,200,156,132,110,89,68,47
2018,7042LA,HISTORY ADV OPT LA,200,158,134,112,90,68,47
2018,7042LB,HISTORY ADV OPT LB,200,156,132,110,89,68,47
2018,7042LD,HISTORY ADV OPT LD,200,161,137,114,92,70,48
2018,7042LE,HISTORY ADV OPT LE,200,164,140,117,94,71,48
2018,7042LM,HISTORY ADV OPT LM,200,163,139,116,93,70,47
2018,7042LS,HISTORY ADV OPT LS,200,160,136,113,91,69,47
2018,7357,MATHEMATICS ADV,300,230,181,158,135,112,90
2018,7272,MUSIC ADV,300,242,209,179,149,120,91
2018,7582,PHYSICAL EDUCATION ADV,300,211,194,170,146,122,99
2018,7408A,PHYSICS ADV (ASTROPHYSICS),250,183,150,125,100,75,51
2018,7408E,PHYSICS ADV (ELECTRONICS),250,186,153,128,103,78,53
2018,7408C,PHYSICS ADV (ENGINEERING),250,184,152,127,102,77,52
2018,7408B,PHYSICS ADV (MEDICAL),250,181,147,122,98,74,50
2018,7408D,PHYSICS ADV (TURNING POINTS),250,181,149,124,99,74,50
2018,7182,PSYCHOLOGY ADV,288,214,190,161,132,104,76
2018,7062A,RELIGIOUS STUDIES ADV OPTION A,200,168,140,114,88,62,36
2018,7062B,RELIGIOUS STUDIES ADV OPTION B,200,168,140,114,88,62,36
2018,7062C,RELIGIOUS STUDIES ADV OPTION C,200,168,140,114,88,62,36
2018,7062D,RELIGIOUS STUDIES ADV OPTION D,200,168,140,114,88,62,36
2018,7062E,RELIGIOUS STUDIES ADV OPTION E,200,168,140,114,88,62,36
2018,7192,SOCIOLOGY ADV,240,182,164,142,121,100,79
2018,7692T,SPANISH ADV TEACHER COND OPT,400,345,307,261,215,169,123
2018,7692V,SPANISH ADV VISITING EXR OPT,400,345,307,261,215,169,123
2019,7127,ACCOUNTING ADV,240,169,143,122,101,81,61
2019,7201,ART & DESIGN ADV (ART CRAFT & DES),480,394,370,318,267,216,165
2019,7202,ART & DESIGN ADV (FINE ART),480,394,370,318,267,216,165
2019,7203,ART & DESIGN ADV (GRAPHIC COMM),480,394,370,318,267,216,165
2019,7204,ART & DESIGN ADV (TEXTILE DESIGN),480,394,370,318,267,216,165
2019,7205,ART & DESIGN ADV (3D DESIGN),480,394,370,318,267,216,165
2019,7206,ART & DESIGN ADV (PHOTOGRAPHY),480,409,390,342,294,247,200
2019,7402,BIOLOGY ADV,260,178,149,125,101,77,53
2019,7132,BUSINESS ADV,300,218,195,167,139,111,83
2019,7405,CHEMISTRY ADV,300,246,206,170,135,100,65
2019,7517A,COMPUTER SCIENCE ADV (C#),375,309,261,214,167,120,74
2019,7517B,COMPUTER SCIENCE ADV (JAVA),375,309,261,214,167,120,74
2019,7517C,COMPUTER SCIENCE ADV (PASCAL/DELPHI),375,309,261,214,167,120,74
2019,7517D,COMPUTER SCIENCE ADV (PYTHON),375,309,261,214,167,120,74
2019,7517E,COMPUTER SCIENCE ADV (VB.NET),375,309,261,214,167,120,74
2019,7552,D&T PRODUCT DESIGN ADV,400,311,281,241,201,162,123
2019,7562,D&T: FASHION AND TEXTILES ADV,400,314,280,240,200,160,120
2019,7237,DANCE ADV,200,143,131,115,99,83,68
2019,7262,DRAMA AND THEATRE ADV,200,164,147,127,108,89,70
2019,7136,ECONOMICS ADV,240,191,164,140,116,92,69
2019,7702,ENGLISH LANGUAGE ADV,500,446,403,343,283,223,163
2019,7707,ENGLISH LANGUAGE AND LITERATURE ADV,250,207,188,161,134,107,80
2019,7712A,ENGLISH LITERATURE A ADV OPTION A,375,311,274,232,191,150,109
2019,7712B,ENGLISH LITERATURE A ADV OPTION B,375,317,278,235,193,151,109
2019,7717AA,ENGLISH LITERATURE B ADV OPTION AA,375,301,265,226,187,148,109
2019,7717AB,ENGLISH LITERATURE B ADV OPTION AB,375,307,269,231,193,156,119
2019,7717BA,ENGLISH LITERATURE B ADV OPTION BA,375,320,283,241,199,158,117
2019,7717BB,ENGLISH LITERATURE B ADV OPTION BB,375,324,287,247,207,167,127
2019,7447,ENVIRONMENTAL SCIENCE ADV,240,171,156,132,108,85,62
2019,7652T,FRENCH ADV TEACHER COND OPTION,400,356,319,275,232,189,146
2019,7652V,FRENCH ADV VISITING EXR OPTION,400,356,319,275,232,189,146
2019,7367DS,FURTHER MATHS ADV OPTION DS,300,216,175,144,114,84,54
2019,7367MD,FURTHER MATHS ADV OPTION MD,300,212,171,141,111,82,53
2019,7367SM,FURTHER MATHS ADV OPTION SM,300,210,169,138,107,76,46
2019,7037,GEOGRAPHY ADV,300,236,204,174,144,115,86
2019,7662T,GERMAN ADV TEACHER COND OPTION,400,338,282,236,190,144,99
2019,7662V,GERMAN ADV VISITING EXR OPTION,400,338,282,236,190,144,99
2019,7042AA,HISTORY ADV OPT AA,200,153,129,108,87,67,47
2019,7042AB,HISTORY ADV OPT AB,200,155,131,111,91,71,52
2019,7042AD,HISTORY ADV OPT AD,200,156,132,110,89,68,47
2019,7042AE,HISTORY ADV OPT AE,200,159,135,113,91,69,47
2019,7042AM,HISTORY ADV OPT AM,200,157,133,111,89,68,47
2019,7042AS,HISTORY ADV OPT AS,200,153,129,108,87,67,47
2019,7042BA,HISTORY ADV OPT BA,200,157,133,113,93,73,54
2019,7042BB,HISTORY ADV OPT BB,200,159,135,116,97,78,59
2019,7042BD,HISTORY ADV OPT BD,200,160,136,115,94,74,54
2019,7042BE,HISTORY ADV OPT BE,200,163,139,117,96,75,54
2019,7042BM,HISTORY ADV OPT BM,200,161,137,116,95,74,54
2019,7042BS,HISTORY ADV OPT BS,200,157,133,113,93,73,54
2019,7042CF,HISTORY ADV OPT CF,200,154,130,109,89,69,49
2019,7042CG,HISTORY ADV OPT CG,200,155,131,111,91,71,51
2019,7042CH,HISTORY ADV OPT CH,200,145,121,102,83,65,47
2019,7042CJ,HISTORY ADV OPT CJ,200,152,128,107,87,67,47
2019,7042CK,HISTORY ADV OPT CK,200,149,125,106,87,68,49
2019,7042CL,HISTORY ADV OPT CL,200,151,127,107,87,68,49
2019,7042CN,HISTORY ADV OPT CN,200,151,126,106,86,66,47
2019,7042CO,HISTORY ADV OPT CO,200,153,129,108,87,67,47
2019,7042CP,HISTORY ADV OPT CP,200,149,125,106,87,68,50
2019,7042CQ,HISTORY ADV OPT CQ,200,154,133,111,89,68,47
2019,7042CR,HISTORY ADV OPT CR,200,152,128,107,87,67,47
2019,7042CT,HISTORY ADV OPT CT,200,152,128,108,89,70,51
2019,7042DC,HISTORY ADV OPT DC,200,169,145,121,97,73,50
2019,7042DG,HISTORY ADV OPT DG,200,167,143,120,97,74,52
2019,7042DH,HISTORY ADV OPT DH,200,157,133,111,90,69,48
2019,7042DJ,HISTORY ADV OPT DJ,200,164,140,117,94,71,48
2019,7042DK,HISTORY ADV OPT DK,200,161,137,115,93,71,50
2019,7042DL,HISTORY ADV OPT DL,200,163,139,116,94,72,50
2019,7042DN,HISTORY ADV OPT DN,200,162,138,115,92,70,48
2019,7042DO,HISTORY ADV OPT DO,200,165,141,117,94,71,48
2019,7042DP,HISTORY ADV OPT DP,200,161,137,115,93,72,51
2019,7042DQ,HISTORY ADV OPT DQ,200,169,145,120,96,72,48
2019,7042DR,HISTORY ADV OPT DR,200,164,140,117,94,71,48
2019,7042DT,HISTORY ADV OPT DT,200,164,140,118,96,74,52
2019,7042EA,HISTORY ADV OPT EA,200,154,130,110,90,70,50
2019,7042EB,HISTORY ADV OPT EB,200,156,132,112,93,74,55
2019,7042ED,HISTORY ADV OPT ED,200,157,133,112,91,70,50
2019,7042EE,HISTORY ADV OPT EE,200,160,136,114,92,71,50
2019,7042EM,HISTORY ADV OPT EM,200,158,134,113,92,71,50
2019,7042ES,HISTORY ADV OPT ES,200,154,130,110,90,70,50
2019,7042FC,HISTORY ADV OPT FC,200,159,135,113,91,70,49
2019,7042FF,HISTORY ADV OPT FF,200,156,132,111,90,69,49
2019,7042FG,HISTORY ADV OPT FG,200,157,133,112,91,71,51
2019,7042FH,HISTORY ADV OPT FH,200,147,123,104,85,66,47
2019,7042FJ,HISTORY ADV OPT FJ,200,154,130,109,88,67,47
2019,7042FK,HISTORY ADV OPT FK,200,151,127,107,87,68,49
2019,7042FL,HISTORY ADV OPT FL,200,153,129,109,89,69,49
2019,7042FN,HISTORY ADV OPT FN,200,152,128,107,87,67,47
2019,7042FO,HISTORY ADV OPT FO,200,155,131,110,89,68,47
2019,7042FP,HISTORY ADV OPT FP,200,151,127,107,88,69,50
2019,7042FQ,HISTORY ADV OPT FQ,200,159,135,113,91,69,47
2019,7042FR,HISTORY ADV OPT FR,200,154,130,109,88,67,47
2019,7042FT,HISTORY ADV OPT FT,200,154,130,110,90,70,51
2019,7042GC,HISTORY ADV OPT GC,200,158,134,113,92,71,50
2019,7042GF,HISTORY ADV OPT GF,200,155,131,110,90,70,50
2019,7042GG,HISTORY ADV OPT GG,200,156,132,112,92,72,52
2019,7042GH,HISTORY ADV OPT GH,200,146,122,103,84,66,48
2019,7042GJ,HISTORY ADV OPT GJ,200,153,129,108,88,68,48
2019,7042GK,HISTORY ADV OPT GK,200,150,126,107,88,69,50
2019,7042GL,HISTORY ADV OPT GL,200,152,128,108,88,69,50
2019,7042GN,HISTORY ADV OPT GN,200,151,127,107,87,67,48
2019,7042GO,HISTORY ADV OPT GO,200,154,130,109,88,68,48
2019,7042GP,HISTORY ADV OPT GP,200,150,126,107,88,69,51
2019,7042GQ,HISTORY ADV OPT GQ,200,158,134,112,90,69,48
2019,7042GR,HISTORY ADV OPT GR,200,153,129,108,88,68,48
2019,7042GT,HISTORY ADV OPT GT,200,153,129,109,90,71,52
2019,7042HA,HISTORY ADV OPT HA,200,155,131,110,89,68,47
2019,7042HB,HISTORY ADV OPT HB,200,157,133,112,92,72,52
2019,7042HD,HISTORY ADV OPT HD,200,158,134,112,90,68,47
2019,7042HE,HISTORY ADV OPT HE,200,161,137,114,91,69,47
2019,7042HM,HISTORY ADV OPT HM,200,159,135,113,91,69,47
2019,7042HS,HISTORY ADV OPT HS,200,156,131,110,89,68,47
2019,7042JC,HISTORY ADV OPT JC,200,160,136,114,92,70,49
2019,7042JF,HISTORY ADV OPT JF,200,157,133,112,91,70,49
2019,7042JG,HISTORY ADV OPT JG,200,158,134,113,92,71,51
2019,7042JH,HISTORY ADV OPT JH,200,148,124,104,85,66,47
2019,7042JJ,HISTORY ADV OPT JJ,200,155,131,110,89,68,47
2019,7042JK,HISTORY ADV OPT JK,200,152,128,108,88,68,49
2019,7042JL,HISTORY ADV OPT JL,200,154,130,109,89,69,49
2019,7042JN,HISTORY ADV OPT JN,200,153,129,108,87,67,47
2019,7042JO,HISTORY ADV OPT JO,200,156,132,110,89,68,47
2019,7042JP,HISTORY ADV OPT JP,200,152,128,108,88,69,50
2019,7042JQ,HISTORY ADV OPT JQ,200,160,136,113,91,69,47
2019,7042JR,HISTORY ADV OPT JR,200,155,131,110,89,68,47
2019,7042JT,HISTORY ADV OPT JT,200,155,131,111,91,71,51
2019,7042KA,HISTORY ADV OPT KA,200,157,133,111,89,68,47
2019,7042KB,HISTORY ADV OPT KB,200,159,135,114,93,72,52
2019,7042KD,HISTORY ADV OPT KD,200,160,136,113,91,69,47
2019,7042KE,HISTORY ADV OPT KE,200,163,139,116,93,70,47
2019,7042KM,HISTORY ADV OPT KM,200,161,137,114,91,69,47
2019,7042KS,HISTORY ADV OPT KS,200,156,133,111,89,68,47
2019,7042LA,HISTORY ADV OPT LA,200,158,134,112,91,70,49
2019,7042LB,HISTORY ADV OPT LB,200,160,136,115,94,74,54
2019,7042LD,HISTORY ADV OPT LD,200,161,137,115,93,71,49
2019,7042LE,HISTORY ADV OPT LE,200,164,140,117,94,71,49
2019,7042LM,HISTORY ADV OPT LM,200,162,138,115,93,71,49
2019,7042LS,HISTORY ADV OPT LS,200,158,134,112,91,70,49
2019,7162A,LAW ADV OPTION A,300,208,182,150,118,87,56
2019,7162B,LAW ADV OPTION B,300,205,180,150,120,90,60
2019,7357,MATHEMATICS ADV,300,231,185,151,118,85,52
2019,7572,MEDIA STUDIES ADV,240,208,186,155,125,95,65
2019,7272,MUSIC ADV,300,246,214,186,158,130,103
2019,7172,PHILOSOPHY ADV,200,154,131,107,83,59,35
2019,7582,PHYSICAL EDUCATION ADV,300,203,184,161,138,115,93
2019,7408A,PHYSICS ADV (ASTROPHYSICS),250,198,171,143,116,89,62
2019,7408B,PHYSICS ADV (MEDICAL),250,197,169,142,115,88,61
2019,7408C,PHYSICS ADV (ENGINEERING),250,198,169,142,115,89,63
2019,7408D,PHYSICS ADV (TURNING POINTS),250,198,170,142,115,88,61
2019,7408E,PHYSICS ADV (ELECTRONICS),250,203,175,146,118,90,62
2019,7152,POLITICS ADV,231,183,158,132,106,81,56
2019,7182,PSYCHOLOGY ADV,288,205,181,152,123,95,67
2019,7062A,RELIGIOUS STUDIES ADV OPTION A,200,181,157,128,99,70,42
2019,7062B,RELIGIOUS STUDIES ADV OPTION B,200,183,159,130,101,72,43
2019,7062C,RELIGIOUS STUDIES ADV OPTION C,200,182,158,129,100,71,42
2019,7062D,RELIGIOUS STUDIES ADV OPTION D,200,182,158,128,99,70,41
2019,7062E,RELIGIOUS STUDIES ADV OPTION E,200,182,158,129,100,71,42
2019,7192,SOCIOLOGY ADV,240,183,164,142,120,98,77
2019,7692T,SPANISH ADV TEACHER COND OPT,400,338,296,249,202,155,108
2019,7692V,SPANISH ADV VISITING EXR OPT,400,338,296,249,202,155,108
2020,7127,ACCOUNTING ADV,240,153,132,113,94,75,57
2020,7201E,ART & DESIGN ADV (ART CRAFT & DES),96,77,70,57,44,32,20
2020,7202E,ART & DESIGN ADV (FINE ART),96,77,70,57,44,32,20
2020,7203E,ART & DESIGN ADV (GRAPHIC COMM),96,77,70,57,44,32,20
2020,7204E,ART & DESIGN ADV (TEXTILE DESIGN),96,77,70,57,44,32,20
2020,7205E,ART & DESIGN ADV (3D DESIGN),96,77,70,57,44,32,20
2020,7206E,ART & DESIGN ADV (PHOTOGRAPHY),96,80,74,62,50,38,26
2020,7637,BENGALI ADV,400,300,240,210,180,150,120
2020,7402,BIOLOGY ADV,260,170,138,114,90,67,44
2020,7132,BUSINESS ADV,300,208,183,155,127,99,71
2020,7405,CHEMISTRY ADV,300,235,192,157,123,89,55
2020,7517A,COMPUTER SCIENCE ADV (C#),300,224,183,149,115,81,47
2020,7517B,COMPUTER SCIENCE ADV (JAVA),300,224,183,149,115,81,47
2020,7517C,COMPUTER SCIENCE ADV (PASCAL/DELPHI),300,224,183,149,115,81,47
2020,7517D,COMPUTER SCIENCE ADV (PYTHON),300,224,183,149,115,81,47
2020,7517E,COMPUTER SCIENCE ADV (VB.NET),300,224,183,149,115,81,47
2020,7562,D&T: FASHION AND TEXTILES ADV,200,112,86,71,56,42,28
2020,7552,D&T PRODUCT DESIGN ADV,200,126,105,84,63,42,22
2020,7237,DANCE ADV,100,60,52,43,34,26,18
2020,7262,DRAMA AND THEATRE ADV,80,54,44,36,28,20,12
2020,7136,ECONOMICS ADV,240,184,156,132,108,85,62
2020,7702,ENGLISH LANGUAGE ADV,400,336,298,255,212,169,126
2020,7707,ENGLISH LANGUAGE AND LITERATURE ADV,200,154,136,115,94,73,52
2020,7712A,ENGLISH LITERATURE A ADV OPTION A,300,225,190,154,118,82,46
2020,7712B,ENGLISH LITERATURE A ADV OPTION B,300,231,194,157,120,84,48
2020,7717AA,ENGLISH LITERATURE B ADV OPTION AA,300,222,186,152,118,85,52
2020,7717AB,ENGLISH LITERATURE B ADV OPTION AB,300,224,186,155,124,93,62
2020,7717BA,ENGLISH LITERATURE B ADV OPTION BA,300,241,204,168,132,96,60
2020,7717BB,ENGLISH LITERATURE B ADV OPTION BB,300,241,204,170,136,103,70
2020,7447,ENVIRONMENTAL SCIENCE ADV,240,162,140,117,94,72,50
2020,7652T,FRENCH ADV TEACHER COND OPTION,280,232,194,161,128,95,63
2020,7367DS,FURTHER MATHEMATICS ADV OPTION DS,300,198,152,124,96,69,42
2020,7367MD,FURTHER MATHEMATICS ADV OPTION MD,300,195,149,122,95,68,42
2020,7367SM,FURTHER MATHEMATICS ADV OPTION SM,300,193,147,120,93,67,41
2020,7037,GEOGRAPHY ADV,240,169,145,121,97,74,51
2020,7662T,GERMAN ADV TEACHER COND OPTION,280,208,157,125,94,63,32
2020,7042AA,HISTORY ADV OPT AA,160,108,87,69,52,35,18
2020,7042AB,HISTORY ADV OPT AB,160,110,89,72,55,39,23
2020,7042AS,HISTORY ADV OPT AS,160,108,87,69,52,35,18
2020,7042BB,HISTORY ADV OPT BB,160,114,93,77,61,45,30
2020,7042BD,HISTORY ADV OPT BD,160,115,94,76,59,42,25
2020,7042BS,HISTORY ADV OPT BS,160,112,91,74,57,41,25
2020,7042CF,HISTORY ADV OPT CF,160,109,88,71,54,37,20
2020,7042CG,HISTORY ADV OPT CG,160,110,89,72,55,38,22
2020,7042CH,HISTORY ADV OPT CH,160,100,79,63,48,33,18
2020,7042CJ,HISTORY ADV OPT CJ,160,107,86,69,52,35,18
2020,7042CK,HISTORY ADV OPT CK,160,104,83,67,51,35,20
2020,7042CL,HISTORY ADV OPT CL,160,106,85,68,52,36,20
2020,7042CN,HISTORY ADV OPT CN,160,106,84,67,50,34,18
2020,7042CO,HISTORY ADV OPT CO,160,108,87,69,52,35,18
2020,7042CQ,HISTORY ADV OPT CQ,160,109,91,72,54,36,18
2020,7042CR,HISTORY ADV OPT CR,160,107,86,69,52,35,18
2020,7042DH,HISTORY ADV OPT DH,160,112,91,73,55,37,19
2020,7042DJ,HISTORY ADV OPT DJ,160,119,98,78,58,38,19
2020,7042DL,HISTORY ADV OPT DL,160,118,97,78,59,40,21
2020,7042DN,HISTORY ADV OPT DN,160,117,96,76,57,38,19
2020,7042DO,HISTORY ADV OPT DO,160,120,99,79,59,39,19
2020,7042DR,HISTORY ADV OPT DR,160,119,98,78,58,38,19
2020,7042EA,HISTORY ADV OPT EA,160,109,88,71,54,37,21
2020,7042ES,HISTORY ADV OPT ES,160,109,88,71,54,37,21
2020,7042FH,HISTORY ADV OPT FH,160,102,81,65,49,33,18
2020,7042FL,HISTORY ADV OPT FL,160,108,87,70,53,36,20
2020,7042FN,HISTORY ADV OPT FN,160,107,86,69,52,35,18
2020,7042FO,HISTORY ADV OPT FO,160,110,89,71,53,35,18
2020,7042FP,HISTORY ADV OPT FP,160,106,85,69,53,37,21
2020,7042FQ,HISTORY ADV OPT FQ,160,114,93,74,55,36,18
2020,7042FR,HISTORY ADV OPT FR,160,109,88,70,52,35,18
2020,7042GF,HISTORY ADV OPT GF,160,110,89,72,55,38,21
2020,7042GG,HISTORY ADV OPT GG,160,111,90,73,56,39,23
2020,7042GH,HISTORY ADV OPT GH,160,101,80,64,49,34,19
2020,7042GN,HISTORY ADV OPT GN,160,106,85,68,51,35,19
2020,7042GQ,HISTORY ADV OPT GQ,160,113,92,73,55,37,19
2020,7042GR,HISTORY ADV OPT GR,160,108,87,70,53,36,19
2020,7042HA,HISTORY ADV OPT HA,160,110,89,71,53,35,18
2020,7042HB,HISTORY ADV OPT HB,160,112,91,74,57,40,23
2020,7042HD,HISTORY ADV OPT HD,160,113,92,73,54,36,18
2020,7042HE,HISTORY ADV OPT HE,160,116,95,75,56,37,18
2020,7042HM,HISTORY ADV OPT HM,160,114,93,74,55,36,18
2020,7042HS,HISTORY ADV OPT HS,160,111,89,71,53,35,18
2020,7042JF,HISTORY ADV OPT JF,160,112,91,73,55,37,20
2020,7042JG,HISTORY ADV OPT JG,160,113,92,74,56,39,22
2020,7042JH,HISTORY ADV OPT JH,160,103,82,66,50,34,18
2020,7042JL,HISTORY ADV OPT JL,160,109,88,71,54,37,20
2020,7042JN,HISTORY ADV OPT JN,160,108,87,69,52,35,18
2020,7042JO,HISTORY ADV OPT JO,160,111,90,72,54,36,18
2020,7042JR,HISTORY ADV OPT JR,160,110,89,71,53,35,18
2020,7042KA,HISTORY ADV OPT KA,160,112,91,72,54,36,18
2020,7042KD,HISTORY ADV OPT KD,160,115,94,75,56,37,18
2020,7042KE,HISTORY ADV OPT KE,160,118,97,77,57,37,18
2020,7042KM,HISTORY ADV OPT KM,160,116,95,75,56,37,18
2020,7042KS,HISTORY ADV OPT KS,160,111,91,72,54,36,18
2020,7042LB,HISTORY ADV OPT LB,160,115,94,76,59,42,25
2020,7042LE,HISTORY ADV OPT LE,160,119,98,78,58,39,20
2020,7042LM,HISTORY ADV OPT LM,160,117,96,77,58,39,20
2020,7042LS,HISTORY ADV OPT LS,160,113,92,74,56,38,20
2020,7162A,LAW ADV OPTION A,300,199,168,138,108,78,49
2020,7162B,LAW ADV OPTION B,300,194,164,135,107,79,51
2020,7357,MATHEMATICS ADV,300,218,171,140,109,78,47
2020,7572,MEDIA STUDIES ADV,168,135,116,93,71,49,27
2020,7272,MUSIC ADV,120,79,60,50,40,30,20
2020,7682,PANJABI ADV,400,327,267,234,201,168,135
2020,7172,PHILOSOPHY ADV,200,137,114,92,70,49,28
2020,7582,PHYSICAL EDUCATION ADV,210,120,103,88,73,58,43
2020,7408A,PHYSICS ADV (ASTROPHYSICS),250,188,158,129,100,72,44
2020,7408B,PHYSICS ADV (MEDICAL),250,187,156,128,100,72,44
2020,7408C,PHYSICS ADV (ENGINEERING),250,188,156,128,100,72,44
2020,7408D,PHYSICS ADV (TURNING POINTS),250,188,157,128,100,72,44
2020,7408E,PHYSICS ADV (ELECTRONICS),250,193,162,132,102,73,44
2020,7687,POLISH ADV,400,327,267,234,201,168,135
2020,7152,POLITICS ADV,231,171,145,121,97,73,50
2020,7182,PSYCHOLOGY ADV,288,195,167,139,111,83,56
2020,7062A,RELIGIOUS STUDIES ADV OPTION A,200,166,138,109,80,52,24
2020,7062B,RELIGIOUS STUDIES ADV OPTION B,200,168,140,111,82,53,25
2020,7062D,RELIGIOUS STUDIES ADV OPTION D,200,167,139,110,81,52,23
2020,7192,SOCIOLOGY ADV,240,174,155,132,109,86,63
2020,7692T,SPANISH ADV TEACHER COND OPT,280,212,168,135,102,69,36
2021,7127,ACCOUNTING ADV,240,147,126,108,90,72,54
2021,7205E,ART & DES ADV (3D DESIGN),96,77,69,56,43,31,19
2021,7202E,ART & DES ADV (FINE ART),96,77,69,56,43,31,19
2021,7203E,ART & DES ADV (GRAPHIC COM),96,77,69,56,43,31,19
2021,7201E,"ART & DES ADV(ART,CRAFT & DES)",96,77,69,56,43,31,19
2021,7402,BIOLOGY ADV,260,168,136,113,91,69,47
2021,7132,BUSINESS ADV,300,203,178,151,124,98,72
2021,7405,CHEMISTRY ADV,300,236,192,158,124,90,56
2021,7517A,COMP SCI ADV (C#),300,220,177,144,112,80,48
2021,7517B,COMP SCI ADV (JAVA),300,220,177,144,112,80,48
2021,7517D,COMP SCI ADV (PYTHON),300,220,177,144,112,80,48
2021,7517E,COMP SCI ADV (VB.NET),300,220,177,144,112,80,48
2021,7262,DRAMA AND THEATRE ADV,80,54,44,36,28,20,12
2021,7136,ECONOMICS ADV,240,174,148,127,106,86,66
2021,7702,ENGLISH LANGUAGE ADV,400,328,292,248,204,161,118
2021,7707,ENGLISH LANG AND LIT ADV,200,148,131,112,93,74,56
2021,7712A,ENGLISH LIT A ADV OPTION A,300,215,178,147,116,86,56
2021,7712B,ENGLISH LIT A ADV OPTION B,300,221,182,149,116,84,52
2021,7717AA,ENGLISH LIT B ADV OPTION AA,300,205,170,140,110,81,52
2021,7717AB,ENGLISH LIT B ADV OPTION AB,300,211,174,146,118,90,62
2021,7717BA,ENGLISH LIT B ADV OPTION BA,300,224,188,156,124,92,60
2021,7717BB,ENGLISH LIT B ADV OPTION BB,300,228,192,161,130,100,70
2021,7447,ENVIRONMENTAL SCIENCE ADV,240,158,136,114,92,71,50
2021,7652T,FRENCH ADV TEACHER COND OPTION,280,224,186,155,124,94,64
2021,7367DS,FURTHER MATHS ADV OPTION DS,300,192,145,118,91,65,39
2021,7367MD,FURTHER MATHS ADV OPTION MD,300,188,141,115,89,64,39
2021,7367SM,FURTHER MATHS ADV OPTION SM,300,188,141,115,89,63,37
2021,7037,GEOGRAPHY ADV,240,164,140,117,94,72,50
2021,7662T,GERMAN ADV TEACHER COND OPTION,280,193,144,116,88,60,32
2021,7042AA,HISTORY ADV OPTION AA,160,103,83,66,50,34,18
2021,7042AE,HISTORY ADV OPTION AE,160,109,89,71,53,35,18
2021,7042AS,HISTORY ADV OPTION AS,160,103,83,66,50,34,18
2021,7042CF,HISTORY ADV OPTION CF,160,104,84,68,52,36,20
2021,7042CJ,HISTORY ADV OPTION CJ,160,102,82,66,50,34,18
2021,7042CL,HISTORY ADV OPTION CL,160,99,79,63,48,33,18
2021,7042CN,HISTORY ADV OPTION CN,160,101,80,65,50,35,20
2021,7042CO,HISTORY ADV OPTION CO,160,103,83,66,50,34,18
2021,7042CQ,HISTORY ADV OPTION CQ,160,104,87,69,52,35,18
2021,7042CR,HISTORY ADV OPTION CR,160,102,82,66,50,34,18
2021,7042DH,HISTORY ADV OPTION DH,160,107,87,70,53,36,19
2021,7042DJ,HISTORY ADV OPTION DJ,160,114,94,75,56,37,19
2021,7042DL,HISTORY ADV OPTION DL,160,111,91,73,55,37,19
2021,7042DO,HISTORY ADV OPTION DO,160,115,95,76,57,38,19
2021,7042DP,HISTORY ADV OPTION DP,160,111,91,73,56,39,22
2021,7042FN,HISTORY ADV OPTION FN,160,102,82,66,50,35,20
2021,7042GQ,HISTORY ADV OPTION GQ,160,108,88,70,53,36,19
2021,7042GR,HISTORY ADV OPTION GR,160,103,83,67,51,35,19
2021,7042HD,HISTORY ADV OPTION HD,160,108,88,70,52,35,18
2021,7042HE,HISTORY ADV OPTION HE,160,111,91,72,54,36,18
2021,7042HM,HISTORY ADV OPTION HM,160,109,89,71,53,35,18
2021,7042HS,HISTORY ADV OPTION HS,160,106,85,68,51,34,18
2021,7042JG,HISTORY ADV OPTION JG,160,108,88,71,54,38,22
2021,7042JJ,HISTORY ADV OPTION JJ,200,105,85,68,51,34,18
2021,7042JN,HISTORY ADV OPTION JN,160,103,83,67,51,35,20
2021,7042KA,HISTORY ADV OPTION KA,160,107,87,69,52,35,18
2021,7042KB,HISTORY ADV OPTION KB,160,109,89,72,55,39,23
2021,7042KD,HISTORY ADV OPTION KD,160,110,90,72,54,36,18
2021,7042KS,HISTORY ADV OPTION KS,160,106,87,69,52,35,18
2021,7042LS,HISTORY ADV OPTION LS,160,108,88,71,54,37,20
2021,7162A,LAW ADV OPTION A,300,202,168,138,108,78,49
2021,7162B,LAW ADV OPTION B,300,196,163,135,107,79,51
2021,7357,MATHEMATICS ADV,300,208,162,133,105,77,49
2021,7572,MEDIA STUDIES ADV,168,133,116,95,74,53,32
2021,7672,MODERN HEBREW ADV,400,320,260,227,194,161,128
2021,7682,PANJABI ADV,400,319,259,228,197,166,135
2021,7172,PHILOSOPHY ADV,200,137,113,92,72,52,32
2021,7582,PHYSICAL EDUCATION ADV,210,118,102,88,74,60,46
2021,7408A,PHYSICS ADV (ASTROPHYSICS),250,188,158,129,101,73,45
2021,7408B,PHYSICS ADV (MEDICAL),250,188,157,129,101,73,45
2021,7408C,PHYSICS ADV (ENGINEERING),250,188,156,128,100,72,45
2021,7408D,PHYSICS ADV (TURNING POINTS),250,188,157,129,101,73,45
2021,7408E,PHYSICS ADV (ELECTRONICS),250,192,161,132,103,74,45
2021,7687,POLISH ADV,400,327,267,234,201,169,137
2021,7152,POLITICS ADV,231,165,139,114,89,65,41
2021,7182,PSYCHOLOGY ADV,288,188,161,133,105,77,49
2021,7062B,RELIGIOUS STUDIES ADV OPTION B,200,167,136,109,82,55,29
2021,7062D,RELIGIOUS STUDIES ADV OPTION D,200,166,135,108,81,54,27
2021,7192,SOCIOLOGY ADV,240,171,151,128,105,83,61
2021,7692T,SPANISH ADV TEACHER COND OPT,280,203,161,129,98,67,36
2022,7127,ACCOUNTING ADV,240,166,144,121,98,75,52
2022,7201C,"ART & DES ADV(ART,CRAFT & DES)",96,79,74,62,50,38,27
2022,7202C,ART & DES ADV (FINE ART),96,79,74,62,50,38,27
2022,7203C,ART & DES ADV (GRAPHIC COM),96,79,74,62,50,38,27
2022,7204C,ART & DES ADV (TEXTILE DESIGN),96,79,74,62,50,38,27
2022,7205C,ART & DES ADV (3D DESIGN),96,79,74,62,50,38,27
2022,7206C,ART & DES ADV (PHOTOGRAPHY),96,82,78,66,55,44,33
2022,7637,BENGALI ADV,400,296,250,212,174,136,99
2022,7677,BIBLICAL HEBREW ADV,300,232,190,161,132,103,75
2022,7402,BIOLOGY ADV,260,173,142,115,89,63,37
2022,7132,BUSINESS ADV,300,215,189,157,126,95,64
2022,7405,CHEMISTRY ADV,300,237,196,158,121,84,47
2022,7517A,COMP SCI ADV (C#),375,278,223,179,136,93,50
2022,7517B,COMP SCI ADV (JAVA),375,278,223,179,136,93,50
2022,7517D,COMP SCI ADV (PYTHON),375,278,223,179,136,93,50
2022,7517E,COMP SCI ADV (VB.NET),375,278,223,179,136,93,50
2022,7237,DANCE ADV,200,141,127,110,93,77,61
2022,7562E,D&T: FASHION AND TEXTILES ADV,400,299,262,222,183,144,105
2022,7552E,D&T: PRODUCT DESIGN ADV,400,291,258,216,174,133,92
2022,7262,DRAMA AND THEATRE ADV,200,151,135,116,97,79,61
2022,7136,ECONOMICS ADV,240,175,151,125,100,75,50
2022,7702,ENGLISH LANGUAGE ADV,500,412,372,316,260,204,149
2022,7707,ENGLISH LANG AND LIT ADV,250,196,176,147,119,91,63
2022,7712A,ENGLISH LIT A ADV OPTION A,375,299,257,216,176,136,96
2022,7712B,ENGLISH LIT A ADV OPTION B,375,312,273,229,186,143,100
2022,7717AA,ENGLISH LIT B ADV OPTION AA,375,292,254,215,177,139,101
2022,7717AB,ENGLISH LIT B ADV OPTION AB,375,302,262,222,183,144,105
2022,7717BA,ENGLISH LIT B ADV OPTION BA,375,311,274,233,192,151,111
2022,7717BB,ENGLISH LIT B ADV OPTION BB,375,319,282,240,198,156,115
2022,7447,ENVIRONMENTAL SCIENCE ADV,240,164,146,120,95,70,45
2022,7652T,FRENCH ADV TEACHER COND OPTION,400,336,294,249,204,159,115
2022,7652V,FRENCH ADV VISIT OPTION,400,336,294,249,204,159,115
2022,7367DS,FURTHER MATHS ADV OPTION DS,300,188,152,123,94,65,37
2022,7367MD,FURTHER MATHS ADV OPTION MD,300,179,143,116,90,64,38
2022,7367SM,FURTHER MATHS ADV OPTION SM,300,181,145,116,88,60,32
2022,7037,GEOGRAPHY ADV,300,227,198,166,134,102,70
2022,7662T,GERMAN ADV TEACHER COND OPTION,400,329,263,217,171,126,81
2022,7662T,GERMAN ADV VISIT OPTION,400,329,263,217,171,126,81
2022,7042AA,HISTORY OPTION AA,200,147,125,104,83,62,42
2022,7042AB,HISTORY OPTION AB,200,154,132,109,86,63,40
2022,7042AD,HISTORY OPTION AD,200,147,125,102,79,57,35
2022,7042AE,HISTORY OPTION AE,200,153,131,106,81,56,32
2022,7042AM,HISTORY OPTION AM,200,148,126,103,81,59,37
2022,7042AS,HISTORY OPTION AS,200,152,130,106,83,60,37
2022,7042BB,HISTORY OPTION BB,200,156,134,110,86,62,38
2022,7042BD,HISTORY OPTION BD,200,149,127,103,79,56,33
2022,7042BE,HISTORY OPTION BE,200,155,133,107,81,55,30
2022,7042BM,HISTORY OPTION BM,200,150,128,104,81,58,35
2022,7042BS,HISTORY OPTION BS,200,154,132,107,83,59,35
2022,7042CF,HISTORY OPTION CF,200,152,130,107,84,62,40
2022,7042CG,HISTORY OPTION CG,200,143,121,99,77,55,33
2022,7042CH,HISTORY OPTION CH,200,144,122,100,78,56,34
2022,7042CJ,HISTORY OPTION CJ,200,144,122,99,76,53,31
2022,7042CK,HISTORY OPTION CK,200,147,125,103,82,61,40
2022,7042CL,HISTORY OPTION CL,200,149,127,105,83,61,40
2022,7042CN,HISTORY OPTION CN,200,144,123,101,79,58,37
2022,7042CO,HISTORY OPTION CO,200,137,115,94,73,52,31
2022,7042CP,HISTORY OPTION CP,200,150,128,105,82,60,38
2022,7042CQ,HISTORY OPTION CQ,200,149,126,103,80,57,34
2022,7042CR,HISTORY OPTION CR,200,147,127,104,82,60,38
2022,7042CT,HISTORY OPTION CT,200,149,127,104,81,59,37
2022,7042DC,HISTORY OPTION DC,200,163,141,115,89,64,39
2022,7042DG,HISTORY OPTION DG,200,151,129,105,82,59,36
2022,7042DH,HISTORY OPTION DH,200,152,130,106,83,60,37
2022,7042DJ,HISTORY OPTION DJ,200,152,130,106,82,58,34
2022,7042DK,HISTORY OPTION DK,200,155,133,110,87,65,43
2022,7042DL,HISTORY OPTION DL,200,157,135,112,89,66,43
2022,7042DN,HISTORY OPTION DN,200,153,131,108,85,62,40
2022,7042DO,HISTORY OPTION DO,200,145,123,100,78,56,34
2022,7042DP,HISTORY OPTION DP,200,158,136,112,88,64,41
2022,7042DQ,HISTORY OPTION DQ,200,156,134,109,85,61,37
2022,7042DR,HISTORY OPTION DR,200,157,135,111,87,64,41
2022,7042DT,HISTORY OPTION DT,200,157,135,111,87,63,40
2022,7042EB,HISTORY OPTION EB,200,154,132,108,84,61,38
2022,7042EE,HISTORY OPTION EE,200,153,131,105,80,55,30
2022,7042EM,HISTORY OPTION EM,200,148,126,103,80,57,35
2022,7042ES,HISTORY OPTION ES,200,152,130,106,82,58,35
2022,7042FF,HISTORY OPTION FF,200,162,140,116,93,70,47
2022,7042FH,HISTORY OPTION FH,200,154,132,109,86,63,41
2022,7042FJ,HISTORY OPTION FJ,200,154,132,108,84,61,38
2022,7042FL,HISTORY OPTION FL,200,159,137,114,91,69,47
2022,7042FN,HISTORY OPTION FN,200,155,133,110,88,66,44
2022,7042FO,HISTORY OPTION FO,200,147,125,103,81,59,38
2022,7042FP,HISTORY OPTION FP,200,160,138,114,91,68,45
2022,7042FQ,HISTORY OPTION FQ,200,158,136,112,88,64,41
2022,7042FR,HISTORY OPTION FR,200,159,137,114,91,68,45
2022,7042FT,HISTORY OPTION FT,200,159,137,113,90,67,44
2022,7042GC,HISTORY OPTION GC,200,163,141,115,89,64,39
2022,7042GF,HISTORY OPTION GF,200,160,138,114,90,66,43
2022,7042GG,HISTORY OPTION GG,200,151,129,105,82,59,36
2022,7042GH,HISTORY OPTION GH,200,152,130,106,83,60,37
2022,7042GL,HISTORY OPTION GL,200,157,135,112,89,66,43
2022,7042GN,HISTORY OPTION GN,200,153,131,108,85,62,40
2022,7042GO,HISTORY OPTION GO,200,145,123,100,78,56,34
2022,7042GQ,HISTORY OPTION GQ,200,156,134,109,85,61,37
2022,7042GR,HISTORY OPTION GR,200,157,135,111,87,64,41
2022,7042HA,HISTORY OPTION HA,200,141,119,99,79,59,40
2022,7042HB,HISTORY OPTION HB,200,148,126,104,82,60,38
2022,7042HD,HISTORY OPTION HD,200,141,119,97,75,54,33
2022,7042HE,HISTORY OPTION HE,200,147,125,101,77,53,30
2022,7042HM,HISTORY OPTION HM,200,142,120,98,77,56,35
2022,7042HS,HISTORY OPTION HS,200,147,124,101,79,57,35
2022,7042JF,HISTORY OPTION JF,200,162,140,117,94,71,48
2022,7042JG,HISTORY OPTION JG,200,153,131,108,85,63,41
2022,7042JH,HISTORY OPTION JH,200,154,132,109,86,64,42
2022,7042JL,HISTORY OPTION JL,200,159,137,114,92,70,48
2022,7042JN,HISTORY OPTION JN,200,155,133,111,89,67,45
2022,7042JO,HISTORY OPTION JO,200,147,125,103,81,60,39
2022,7042JP,HISTORY OPTION JP,200,160,138,115,92,69,46
2022,7042JQ,HISTORY OPTION JQ,200,158,136,112,88,65,42
2022,7042JR,HISTORY OPTION JR,200,159,137,114,91,68,46
2022,7042KA,HISTORY OPTION KA,200,147,125,105,86,67,48
2022,7042KB,HISTORY OPTION KB,200,154,132,110,88,67,46
2022,7042KD,HISTORY OPTION KD,200,147,125,104,83,62,41
2022,7042KE,HISTORY OPTION KE,200,153,131,107,84,61,38
2022,7042KM,HISTORY OPTION KM,200,148,126,105,84,63,43
2022,7042KS,HISTORY OPTION KS,200,152,130,108,86,64,43
2022,7042LB,HISTORY OPTION LB,200,153,131,107,84,61,38
2022,7042LD,HISTORY OPTION LD,200,146,124,101,78,55,33
2022,7042LE,HISTORY OPTION LE,200,152,130,105,80,55,30
2022,7042LM,HISTORY OPTION LM,200,147,125,102,79,57,35
2022,7042LS,HISTORY OPTION LS,200,151,129,105,81,58,35
2022,7162A,LAW ADV OPTION A,300,196,167,135,103,72,41
2022,7162B,LAW ADV OPTION B,300,196,167,135,103,72,41
2022,7357,MATHEMATICS ADV,300,220,171,138,106,74,42
2022,7572,MEDIA STUDIES ADV,240,197,179,149,119,90,61
2022,7672,MODERN HEBREW ADV,400,296,250,212,174,136,99
2022,7272E,MUSIC ADV,300,229,197,174,151,128,106
2022,7682,PANJABI ADV,400,284,222,192,162,132,102
2022,7172,PHILOSOPHY ADV,200,140,119,95,71,47,23
2022,7582,PHYSICAL EDUCATION ADV,300,189,169,145,121,97,73
2022,7408A,PHYSICS ADV (ASTROPHYSICS),250,167,137,113,89,66,43
2022,7408B,PHYSICS ADV (MEDICAL),250,169,139,115,91,67,44
2022,7408C,PHYSICS ADV (ENGINEERING),250,166,136,112,89,66,43
2022,7408D,PHYSICS ADV (TURNING POINTS),250,165,134,111,88,65,42
2022,7408E,PHYSICS ADV (ELECTRONICS),250,175,145,120,95,70,46
2022,7687,POLISH ADV,400,296,250,212,174,136,99
2022,7152,POLITICS ADV,231,167,140,114,88,62,37
2022,7182,PSYCHOLOGY ADV,288,202,177,143,109,75,42
2022,7062A,RELIGIOUS STUDIES ADV OPTION A,200,165,143,116,89,63,37
2022,7062B,RELIGIOUS STUDIES ADV OPTION B,200,165,143,116,89,63,37
2022,7062C,RELIGIOUS STUDIES ADV OPTION C,200,165,143,116,89,63,37
2022,7062D,RELIGIOUS STUDIES ADV OPTION D,200,165,143,116,89,63,37
2022,7062E,RELIGIOUS STUDIES ADV OPTION E,200,165,143,116,89,63,37
2022,7192,SOCIOLOGY ADV,240,177,157,131,105,79,54
2022,7692T,SPANISH ADV TEACHER COND OPT,400,327,282,233,184,135,87
2022,7692V,SPANISH ADV VISIT OPT,400,327,282,233,184,135,87
2023,7127,ACCOUNTING ADV,240,177,150,125,100,76,52
2023,7201,"ART & DES ADV(ART,CRAFT & DES)",480,399,370,313,257,201,145
2023,7202,ART & DES ADV (FINE ART),480,399,370,313,257,201,145
2023,7203,ART & DES ADV (GRAPHIC COM),480,399,370,313,257,201,145
2023,7204,ART & DES ADV (TEXTILE DESIGN),480,399,370,313,257,201,145
2023,7205,ART & DES ADV (3D DESIGN),480,399,370,313,257,201,145
2023,7206,ART & DES ADV (PHOTOGRAPHY),480,409,390,336,282,228,175
2023,7637,BENGALI ADV,400,293,257,221,185,149,114
2023,7677,BIBLICAL HEBREW ADV,300,220,192,164,137,110,83
2023,7402,BIOLOGY ADV,260,180,153,125,98,71,44
2023,7132,BUSINESS ADV,300,217,193,163,133,103,73
2023,7405,CHEMISTRY ADV,300,250,210,173,136,99,62
2023,7517A,COMP SCI ADV (C#),375,296,237,191,146,101,56
2023,7517B,COMP SCI ADV (JAVA),375,296,237,191,146,101,56
2023,7517D,COMP SCI ADV (PYTHON),375,296,237,191,146,101,56
2023,7517E,COMP SCI ADV (VB.NET),375,296,237,191,146,101,56
2023,7562,D&T: FASHION AND TEXTILES ADV,400,309,280,238,197,156,115
2023,7552,D&T: PRODUCT DESIGN ADV,400,304,277,235,193,151,110
2023,7237,DANCE ADV,200,150,136,119,102,86,70
2023,7262,DRAMA AND THEATRE ADV,200,166,149,128,108,88,68
2023,7136,ECONOMICS ADV,240,182,156,132,108,85,62
2023,7707,ENGLISH LANG AND LIT ADV,250,207,190,161,132,104,76
2023,7702,ENGLISH LANGUAGE ADV,500,430,391,329,267,205,144
2023,7712A,ENGLISH LIT A ADV OPTION A,375,312,280,237,195,153,111
2023,7712B,ENGLISH LIT A ADV OPTION B,375,321,288,241,195,149,103
2023,7717AA,ENGLISH LIT B ADV OPTION AA,375,312,277,235,193,151,109
2023,7717AB,ENGLISH LIT B ADV OPTION AB,375,317,287,244,201,158,115
2023,7717BA,ENGLISH LIT B ADV OPTION BA,375,331,299,255,211,167,123
2023,7717BB,ENGLISH LIT B ADV OPTION BB,375,341,309,264,219,174,129
2023,7447,ENVIRONMENTAL SCIENCE ADV,240,181,165,141,118,95,72
2023,7652T,FRENCH ADV TEACHER COND OPTION,400,359,320,274,228,182,137
2023,7652V,FRENCH ADV VISITING EXR OPTION,400,359,320,274,228,182,137
2023,7367DS,FURTHER MATHS ADV OPTION DS,300,225,188,154,120,87,54
2023,7367MD,FURTHER MATHS ADV OPTION MD,300,213,176,145,114,83,52
2023,7367SM,FURTHER MATHS ADV OPTION SM,300,216,179,146,113,81,49
2023,7037,GEOGRAPHY ADV,300,239,210,177,144,111,79
2023,7662T,GERMAN ADV TEACHER COND OPTION,400,351,292,239,187,135,83
2023,7662V,GERMAN ADV VISITING EXR OPTION,400,351,292,239,187,135,83
2023,7042AA,HISTORY ADV OPTION AA,200,163,140,116,93,70,47
2023,7042AB,HISTORY ADV OPTION AB,200,168,145,121,97,73,50
2023,7042AD,HISTORY ADV OPTION AD,200,159,136,113,90,68,46
2023,7042AM,HISTORY ADV OPTION AM,200,160,137,114,91,69,47
2023,7042AS,HISTORY ADV OPTION AS,200,164,141,118,95,72,49
2023,7042BB,HISTORY ADV OPTION BB,200,167,144,120,96,73,50
2023,7042BD,HISTORY ADV OPTION BD,200,158,135,112,90,68,46
2023,7042BE,HISTORY ADV OPTION BE,200,166,143,119,95,71,47
2023,7042BM,HISTORY ADV OPTION BM,200,159,136,113,91,69,47
2023,7042BS,HISTORY ADV OPTION BS,200,163,140,117,94,71,49
2023,7042CF,HISTORY ADV OPTION CF,200,160,137,114,91,68,46
2023,7042CG,HISTORY ADV OPTION CG,200,162,139,115,91,68,45
2023,7042CH,HISTORY ADV OPTION CH,200,158,135,112,90,68,46
2023,7042CJ,HISTORY ADV OPTION CJ,200,157,134,112,90,68,46
2023,7042CK,HISTORY ADV OPTION CK,200,159,136,113,90,68,46
2023,7042CL,HISTORY ADV OPTION CL,200,159,136,113,90,68,46
2023,7042CN,HISTORY ADV OPTION CN,200,157,134,112,90,68,46
2023,7042CO,HISTORY ADV OPTION CO,200,165,143,119,95,72,49
2023,7042CP,HISTORY ADV OPTION CP,200,161,138,115,92,69,46
2023,7042CQ,HISTORY ADV OPTION CQ,200,164,140,117,94,71,48
2023,7042CR,HISTORY ADV OPTION CR,200,159,138,115,92,69,46
2023,7042CT,HISTORY ADV OPTION CT,200,161,138,115,92,69,46
2023,7042DC,HISTORY ADV OPTION DC,200,164,141,117,94,71,48
2023,7042DG,HISTORY ADV OPTION DG,200,166,143,119,95,71,47
2023,7042DH,HISTORY ADV OPTION DH,200,162,139,116,93,70,48
2023,7042DJ,HISTORY ADV OPTION DJ,200,161,138,115,92,70,48
2023,7042DK,HISTORY ADV OPTION DK,200,163,140,117,94,71,48
2023,7042DL,HISTORY ADV OPTION DL,200,163,140,117,94,71,48
2023,7042DN,HISTORY ADV OPTION DN,200,161,138,115,92,70,48
2023,7042DO,HISTORY ADV OPTION DO,200,170,147,123,99,75,51
2023,7042DP,HISTORY ADV OPTION DP,200,165,142,118,94,71,48
2023,7042DQ,HISTORY ADV OPTION DQ,200,167,144,120,96,73,50
2023,7042DR,HISTORY ADV OPTION DR,200,165,142,118,94,71,48
2023,7042DT,HISTORY ADV OPTION DT,200,165,142,118,94,71,48
2023,7042EA,HISTORY ADV OPTION EA,200,158,135,113,91,69,47
2023,7042EB,HISTORY ADV OPTION EB,200,161,140,117,94,72,50
2023,7042ED,HISTORY ADV OPTION ED,200,154,131,109,88,67,46
2023,7042EE,HISTORY ADV OPTION EE,200,162,139,116,93,70,47
2023,7042ES,HISTORY ADV OPTION ES,200,159,136,114,92,70,49
2023,7042FF,HISTORY ADV OPTION FF,200,163,140,117,94,71,49
2023,7042FG,HISTORY ADV OPTION FG,200,165,142,118,94,71,48
2023,7042FH,HISTORY ADV OPTION FH,200,161,138,115,93,71,49
2023,7042FJ,HISTORY ADV OPTION FJ,200,160,137,115,93,71,49
2023,7042FL,HISTORY ADV OPTION FL,200,162,139,116,93,71,49
2023,7042FN,HISTORY ADV OPTION FN,200,160,137,115,93,71,49
2023,7042FO,HISTORY ADV OPTION FO,200,169,146,122,98,75,52
2023,7042FP,HISTORY ADV OPTION FP,200,164,141,118,95,72,49
2023,7042FQ,HISTORY ADV OPTION FQ,200,166,143,120,97,74,51
2023,7042FR,HISTORY ADV OPTION FR,200,164,141,118,95,72,49
2023,7042FT,HISTORY ADV OPTION FT,200,164,141,118,95,72,49
2023,7042GF,HISTORY ADV OPTION GF,200,157,134,112,90,68,47
2023,7042GG,HISTORY ADV OPTION GG,200,159,136,113,90,68,46
2023,7042GH,HISTORY ADV OPTION GH,200,155,132,110,89,68,47
2023,7042GL,HISTORY ADV OPTION GL,200,156,133,111,89,68,47
2023,7042GN,HISTORY ADV OPTION GN,200,154,131,110,89,68,47
2023,7042GO,HISTORY ADV OPTION GO,200,163,140,117,94,72,50
2023,7042GQ,HISTORY ADV OPTION GQ,200,160,137,115,93,71,49
2023,7042GR,HISTORY ADV OPTION GR,200,158,135,113,91,69,47
2023,7042HA,HISTORY ADV OPTION HA,200,155,132,110,88,66,45
2023,7042HB,HISTORY ADV OPTION HB,200,160,137,114,92,70,48
2023,7042HD,HISTORY ADV OPTION HD,200,151,128,107,86,65,44
2023,7042HE,HISTORY ADV OPTION HE,200,159,136,113,90,67,45
2023,7042HM,HISTORY ADV OPTION HM,200,152,129,108,87,66,45
2023,7042HS,HISTORY ADV OPTION HS,200,157,133,111,89,68,47
2023,7042JC,HISTORY ADV OPTION JC,200,158,135,113,91,69,47
2023,7042JF,HISTORY ADV OPTION JF,200,158,135,113,91,69,47
2023,7042JG,HISTORY ADV OPTION JG,200,160,137,114,91,68,46
2023,7042JH,HISTORY ADV OPTION JH,200,156,133,111,89,68,47
2023,7042JJ,HISTORY ADV OPTION JJ,200,155,132,110,89,68,47
2023,7042JL,HISTORY ADV OPTION JL,200,157,134,112,90,68,47
2023,7042JN,HISTORY ADV OPTION JN,200,155,132,110,89,68,47
2023,7042JO,HISTORY ADV OPTION JO,200,164,141,118,95,72,50
2023,7042JP,HISTORY ADV OPTION JP,200,159,136,113,91,69,47
2023,7042JQ,HISTORY ADV OPTION JQ,200,161,138,115,93,71,49
2023,7042JR,HISTORY ADV OPTION JR,200,159,136,113,91,69,47
2023,7042KA,HISTORY ADV OPTION KA,200,160,137,115,93,71,49
2023,7042KB,HISTORY ADV OPTION KB,200,165,142,119,96,74,52
2023,7042KD,HISTORY ADV OPTION KD,200,156,133,111,90,69,48
2023,7042KE,HISTORY ADV OPTION KE,200,164,141,118,95,72,49
2023,7042KM,HISTORY ADV OPTION KM,200,157,134,112,91,70,49
2023,7042KS,HISTORY ADV OPTION KS,200,163,138,116,94,72,51
2023,7042LA,HISTORY ADV OPTION LA,200,161,138,115,92,69,47
2023,7042LB,HISTORY ADV OPTION LB,200,166,143,119,96,73,50
2023,7042LD,HISTORY ADV OPTION LD,200,157,134,112,90,68,46
2023,7042LE,HISTORY ADV OPTION LE,200,165,142,118,94,70,47
2023,7042LM,HISTORY ADV OPTION LM,200,158,135,113,91,69,47
2023,7042LS,HISTORY ADV OPTION LS,200,162,139,116,93,71,49
2023,7162A,LAW ADV OPTION A,300,218,193,159,125,91,58
2023,7162B,LAW ADV OPTION B,300,211,185,153,121,90,59
2023,7357,MATHEMATICS ADV,300,248,201,163,125,87,49
2023,7572,MEDIA STUDIES ADV,240,204,185,156,127,98,69
2023,7672,MODERN HEBREW ADV,400,297,260,223,186,150,114
2023,7272,MUSIC ADV,300,243,214,187,160,134,108
2023,7682,PANJABI ADV,400,255,226,197,168,140,112
2023,7172,PHILOSOPHY ADV,200,157,136,110,84,58,32
2023,7582,PHYSICAL EDUCATION ADV,300,199,179,154,130,106,82
2023,7408A,PHYSICS ADV (ASTROPHYSICS),250,164,129,107,85,63,42
2023,7408B,PHYSICS ADV (MEDICAL),250,162,127,105,84,63,42
2023,7408C,PHYSICS ADV (ENGINEERING),250,164,132,109,87,65,43
2023,7408D,PHYSICS ADV (TURNING POINTS),250,166,133,110,87,64,42
2023,7408E,PHYSICS ADV (ELECTRONICS),250,169,135,112,89,66,44
2023,7687,POLISH ADV,400,317,257,221,185,150,115
2023,7152,POLITICS ADV,231,176,150,123,96,69,42
2023,7182,PSYCHOLOGY ADV,288,219,194,159,124,90,56
2023,7062A,RELIGIOUS STUDIES ADV OPTION A,200,167,143,115,87,59,31
2023,7062B,RELIGIOUS STUDIES ADV OPTION B,200,174,150,121,93,65,37
2023,7062C,RELIGIOUS STUDIES ADV OPTION C,200,167,143,114,86,58,30
2023,7062D,RELIGIOUS STUDIES ADV OPTION D,200,167,143,114,86,58,30
2023,7062E,RELIGIOUS STUDIES ADV OPTION E,200,167,143,114,86,58,30
2023,7192,SOCIOLOGY ADV,240,185,165,139,114,89,64
2023,7692T,SPANISH ADV TEACHER COND OPT,400,347,307,255,204,153,102
2023,7692V,SPANISH ADV VISITING EXR OPT,400,347,307,255,204,153,102
2024,7127,ACCOUNTING ADV,240,177,144,121,98,75,53
2024,7205,ART & DES ADV (3D DESIGN),480,399,370,313,257,201,145
2024,7201,"ART & DES ADV (ART,CRAFT & DES)",480,399,370,313,257,201,145
2024,7202,ART & DES ADV (FINE ART),480,399,370,313,257,201,145
2024,7203,ART & DES ADV (GRAPHIC COM),480,399,370,313,257,201,145
2024,7206,ART & DES ADV (PHOTOGRAPHY),480,409,390,336,282,228,175
2024,7204,ART & DES ADV (TEXTILE DESIGN),480,399,370,313,257,201,145
2024,7637,BENGALI ADV,400,293,257,221,185,149,113
2024,7677,BIBLICAL HEBREW ADV,300,221,193,165,138,111,84
2024,7402,BIOLOGY ADV,260,192,165,140,115,91,67
2024,7132,BUSINESS ADV,300,210,188,159,131,103,75
2024,7405,CHEMISTRY ADV,300,239,198,162,126,90,55
2024,7517A,COMP SCI ADV (C#),375,298,239,194,149,104,60
2024,7517B,COMP SCI ADV (JAVA),375,298,239,194,149,104,60
2024,7517D,COMP SCI ADV (PYTHON),375,298,239,194,149,104,60
2024,7517E,COMP SCI ADV (VB.NET),375,298,239,194,149,104,60
2024,7562,D&T: FASHION AND TEXTILES ADV,400,326,299,259,219,179,140
2024,7552,D&T: PRODUCT DESIGN ADV,400,315,287,245,204,163,122
2024,7237,DANCE ADV,200,145,130,115,100,85,70
2024,7262,DRAMA AND THEATRE ADV,200,160,145,124,104,84,64
2024,7136,ECONOMICS ADV,240,173,149,127,105,83,61
2024,7707,ENGLISH LANG AND LIT ADV,250,201,186,159,132,105,79
2024,7702,ENGLISH LANGUAGE ADV,500,433,399,342,286,230,174
2024,7712A,ENGLISH LIT A ADV OPTION A,375,306,276,232,188,144,101
2024,7712B,ENGLISH LIT A ADV OPTION B,375,320,288,242,197,152,107
2024,7717AA,ENGLISH LIT B ADV OPTION AA,375,313,277,235,193,151,109
2024,7717AB,ENGLISH LIT B ADV OPTION AB,375,311,277,234,191,149,107
2024,7717BA,ENGLISH LIT B ADV OPTION BA,375,342,307,265,223,182,141
2024,7717BB,ENGLISH LIT B ADV OPTION BB,375,342,307,265,223,181,139
2024,7447,ENVIRONMENTAL SCIENCE ADV,240,178,163,139,115,91,68
2024,7652T,FRENCH ADV TEACHER COND OPTION,400,358,325,282,240,198,156
2024,7652V,FRENCH ADV VISITING EXR OPTION,400,358,325,282,240,198,156
2024,7367DS,FURTHER MATHS ADV OPTION DS,300,239,198,164,130,96,62
2024,7367MD,FURTHER MATHS ADV OPTION MD,300,234,196,162,128,94,60
2024,7367SM,FURTHER MATHS ADV OPTION SM,300,238,195,160,126,92,58
2024,7037,GEOGRAPHY ADV,300,239,211,179,148,117,86
2024,7662T,GERMAN ADV TEACHER COND OPTION,400,351,304,257,210,163,116
2024,7662V,GERMAN ADV VISITING EXR OPTION,400,351,304,257,210,163,116
2024,7042AA,HISTORY ADV OPTION AA,200,160,136,113,90,67,45
2024,7042AB,HISTORY ADV OPTION AB,200,160,136,113,90,67,45
2024,7042AD,HISTORY ADV OPTION AD,200,160,136,113,90,67,45
2024,7042AE,HISTORY ADV OPTION AE,200,162,138,116,94,72,51
2024,7042AM,HISTORY ADV OPTION AM,200,153,129,108,87,66,46
2024,7042AS,HISTORY ADV OPTION AS,200,160,136,113,90,67,45
2024,7042BB,HISTORY ADV OPTION BB,200,163,139,115,91,68,45
2024,7042BD,HISTORY ADV OPTION BD,200,163,139,115,91,68,45
2024,7042BE,HISTORY ADV OPTION BE,200,165,141,118,95,73,51
2024,7042BM,HISTORY ADV OPTION BM,200,156,132,110,88,67,46
2024,7042BS,HISTORY ADV OPTION BS,200,163,139,115,91,68,45
2024,7042CF,HISTORY ADV OPTION CF,200,165,141,118,95,72,49
2024,7042CG,HISTORY ADV OPTION CG,200,157,133,111,90,69,48
2024,7042CH,HISTORY ADV OPTION CH,200,155,131,109,88,67,46
2024,7042CJ,HISTORY ADV OPTION CJ,200,163,139,117,95,73,52
2024,7042CK,HISTORY ADV OPTION CK,200,157,133,111,89,67,46
2024,7042CL,HISTORY ADV OPTION CL,200,157,133,111,89,67,46
2024,7042CN,HISTORY ADV OPTION CN,200,157,132,110,88,67,46
2024,7042CO,HISTORY ADV OPTION CO,200,166,142,119,96,73,51
2024,7042CP,HISTORY ADV OPTION CP,200,161,137,115,94,73,52
2024,7042CQ,HISTORY ADV OPTION CQ,200,163,141,118,95,72,50
2024,7042CR,HISTORY ADV OPTION CR,200,166,141,118,95,72,49
2024,7042CT,HISTORY ADV OPTION CT,200,161,137,114,92,70,48
2024,7042DC,HISTORY ADV OPTION DC,200,166,142,118,95,72,49
2024,7042DG,HISTORY ADV OPTION DG,200,163,139,116,94,72,50
2024,7042DH,HISTORY ADV OPTION DH,200,161,137,114,92,70,48
2024,7042DJ,HISTORY ADV OPTION DJ,200,169,145,122,99,76,54
2024,7042DK,HISTORY ADV OPTION DK,200,163,139,116,93,70,48
2024,7042DL,HISTORY ADV OPTION DL,200,163,139,116,93,70,48
2024,7042DN,HISTORY ADV OPTION DN,200,162,138,115,92,70,48
2024,7042DO,HISTORY ADV OPTION DO,200,172,148,124,100,76,53
2024,7042DP,HISTORY ADV OPTION DP,200,167,143,120,98,76,54
2024,7042DQ,HISTORY ADV OPTION DQ,200,171,147,123,99,75,52
2024,7042DR,HISTORY ADV OPTION DR,200,171,147,123,99,75,51
2024,7042EA,HISTORY ADV OPTION EA,200,158,134,113,92,71,50
2024,7042EB,HISTORY ADV OPTION EB,200,158,134,113,92,71,50
2024,7042EE,HISTORY ADV OPTION EE,200,160,136,116,96,76,56
2024,7042EM,HISTORY ADV OPTION EM,200,151,127,108,89,70,51
2024,7042ES,HISTORY ADV OPTION ES,200,158,134,113,92,71,50
2024,7042FF,HISTORY ADV OPTION FF,200,162,138,115,92,70,48
2024,7042FG,HISTORY ADV OPTION FG,200,154,130,109,88,67,47
2024,7042FH,HISTORY ADV OPTION FH,200,152,128,107,86,65,45
2024,7042FJ,HISTORY ADV OPTION FJ,200,160,136,114,93,72,51
2024,7042FL,HISTORY ADV OPTION FL,200,154,130,108,87,66,45
2024,7042FN,HISTORY ADV OPTION FN,200,153,129,108,87,66,45
2024,7042FO,HISTORY ADV OPTION FO,200,163,139,116,94,72,50
2024,7042FP,HISTORY ADV OPTION FP,200,158,134,113,92,71,51
2024,7042FQ,HISTORY ADV OPTION FQ,200,162,138,115,93,71,49
2024,7042FR,HISTORY ADV OPTION FR,200,162,138,115,92,70,48
2024,7042FT,HISTORY ADV OPTION FT,200,158,134,112,90,68,47
2024,7042GF,HISTORY ADV OPTION GF,200,163,139,116,93,70,48
2024,7042GG,HISTORY ADV OPTION GG,200,155,131,110,89,68,47
2024,7042GH,HISTORY ADV OPTION GH,200,153,129,108,87,66,45
2024,7042GK,HISTORY ADV OPTION GK,200,155,131,109,87,66,45
2024,7042GL,HISTORY ADV OPTION GL,200,155,131,109,87,66,45
2024,7042GN,HISTORY ADV OPTION GN,200,154,130,108,87,66,45
2024,7042GO,HISTORY ADV OPTION GO,200,164,140,117,94,72,50
2024,7042GP,HISTORY ADV OPTION GP,200,159,135,114,93,72,51
2024,7042GQ,HISTORY ADV OPTION GQ,200,163,139,116,93,71,49
2024,7042GR,HISTORY ADV OPTION GR,200,163,139,116,93,70,48
2024,7042HA,HISTORY ADV OPTION HA,200,153,129,108,87,66,45
2024,7042HB,HISTORY ADV OPTION HB,200,153,129,108,87,66,45
2024,7042HD,HISTORY ADV OPTION HD,200,153,129,108,87,66,45
2024,7042HE,HISTORY ADV OPTION HE,200,154,131,111,91,71,51
2024,7042HM,HISTORY ADV OPTION HM,200,146,122,103,84,65,46
2024,7042HS,HISTORY ADV OPTION HS,200,154,129,108,87,66,45
2024,7042JC,HISTORY ADV OPTION JC,200,156,132,110,88,67,46
2024,7042JF,HISTORY ADV OPTION JF,200,161,137,114,92,70,48
2024,7042JG,HISTORY ADV OPTION JG,200,153,129,108,87,67,47
2024,7042JH,HISTORY ADV OPTION JH,200,151,127,106,85,65,45
2024,7042JJ,HISTORY ADV OPTION JJ,200,159,135,114,93,72,51
2024,7042JL,HISTORY ADV OPTION JL,200,153,129,108,87,66,45
2024,7042JN,HISTORY ADV OPTION JN,200,152,128,107,86,65,45
2024,7042JO,HISTORY ADV OPTION JO,200,162,138,116,94,72,50
2024,7042JP,HISTORY ADV OPTION JP,200,157,133,112,91,71,51
2024,7042JQ,HISTORY ADV OPTION JQ,200,161,137,115,93,71,49
2024,7042JR,HISTORY ADV OPTION JR,200,161,137,114,92,70,48
2024,7042KA,HISTORY ADV OPTION KA,200,160,136,113,90,68,46
2024,7042KB,HISTORY ADV OPTION KB,200,160,136,113,90,68,46
2024,7042KD,HISTORY ADV OPTION KD,200,160,136,113,90,68,46
2024,7042KE,HISTORY ADV OPTION KE,200,162,138,116,94,73,52
2024,7042KM,HISTORY ADV OPTION KM,200,153,129,108,87,67,47
2024,7042KS,HISTORY ADV OPTION KS,200,158,136,113,90,68,46
2024,7042LA,HISTORY ADV OPTION LA,200,160,136,113,90,67,45
2024,7042LB,HISTORY ADV OPTION LB,200,160,136,113,90,67,45
2024,7042LD,HISTORY ADV OPTION LD,200,160,136,113,90,67,45
2024,7042LE,HISTORY ADV OPTION LE,200,162,138,116,94,72,51
2024,7042LM,HISTORY ADV OPTION LM,200,153,129,108,87,66,46
2024,7042LS,HISTORY ADV OPTION LS,200,160,136,113,90,67,45
2024,7162A,LAW ADV OPTION A,300,218,190,155,120,86,52
2024,7162B,LAW ADV OPTION B,300,215,188,154,121,88,55
2024,7357,MATHEMATICS ADV,300,259,222,184,147,110,73
2024,7572,MEDIA STUDIES ADV,240,203,183,152,122,92,62
2024,7672,MODERN HEBREW ADV,400,297,260,223,186,150,114
2024,7272,MUSIC ADV,300,242,214,187,160,134,108
2024,7682,PANJABI ADV,400,255,226,197,168,140,112
2024,7172,PHILOSOPHY ADV,200,155,133,108,83,59,35
2024,7582,PHYSICAL EDUCATION ADV,300,212,192,166,140,115,90
2024,7408A,PHYSICS ADV (ASTROPHYSICS),250,171,138,114,91,68,45
2024,7408E,PHYSICS ADV (ELECTRONICS),250,173,139,116,93,70,47
2024,7408C,PHYSICS ADV (ENGINEERING),250,175,135,112,89,67,45
2024,7408B,PHYSICS ADV (MEDICAL),250,174,139,115,91,68,45
2024,7408D,PHYSICS ADV (TURNING POINTS),250,172,138,114,91,68,45
2024,7687,POLISH ADV,400,322,265,227,189,152,115
2024,7152,POLITICS ADV,231,168,143,118,94,70,46
2024,7182,PSYCHOLOGY ADV,288,220,196,163,130,97,64
2024,7062A,RELIGIOUS STUDIES ADV OPTION A,200,169,141,113,85,57,30
2024,7062B,RELIGIOUS STUDIES ADV OPTION B,200,170,142,114,87,60,33
2024,7062C,RELIGIOUS STUDIES ADV OPTION C,200,169,141,113,85,57,30
2024,7062D,RELIGIOUS STUDIES ADV OPTION D,200,169,141,113,85,57,30
2024,7062E,RELIGIOUS STUDIES ADV OPTION E,200,170,142,114,86,58,30
2024,7192,SOCIOLOGY ADV,240,186,167,142,117,92,67
2024,7692T,SPANISH ADV TEACHER COND OPT,400,344,303,254,205,156,107
2024,7692V,SPANISH ADV VISITING EXR OPT,400,344,303,254,205,156,107
2025,7127,ACCOUNTING ADV,240,183,158,135,112,90,68
2025,7205,ART & DES ADV (3D DESIGN),480,399,370,313,257,201,145
2025,7201,"ART & DES ADV (ART,CRAFT & DES)",480,399,370,313,257,201,145
2025,7202,ART & DES ADV (FINE ART),480,399,370,313,257,201,145
2025,7203,ART & DES ADV (GRAPHIC COM),480,399,370,313,257,201,145
2025,7206,ART & DES ADV (PHOTOGRAPHY),480,409,390,336,282,228,175
2025,7204,ART & DES ADV (TEXTILE DESIGN),480,399,370,313,257,201,145
2025,7637,BENGALI ADV,400,301,263,225,187,150,113
2025,7677,BIBLICAL HEBREW ADV,300,221,191,164,137,110,84
2025,7402,BIOLOGY ADV,260,192,165,139,113,88,63
2025,7132,BUSINESS ADV,300,219,197,168,139,110,82
2025,7405,CHEMISTRY ADV,300,239,197,162,127,93,59
2025,7517A,COMP SCI ADV (C#),375,300,245,201,157,113,69
2025,7517B,COMP SCI ADV (JAVA),375,300,245,201,157,113,69
2025,7517D,COMP SCI ADV (PYTHON),375,300,245,201,157,113,69
2025,7517E,COMP SCI ADV (VB.NET),375,300,245,201,157,113,69
2025,7562,D&T: FASHION AND TEXTILES ADV,400,331,305,264,223,182,142
2025,7552,D&T: PRODUCT DESIGN ADV,400,317,291,250,209,168,127
2025,7237,DANCE ADV,200,156,139,121,104,87,70
2025,7262,DRAMA AND THEATRE ADV,200,159,145,125,105,85,66
2025,7136,ECONOMICS ADV,240,177,153,130,107,84,61
2025,7707,ENGLISH LANG AND LIT ADV,250,207,191,163,135,108,81
2025,7702,ENGLISH LANGUAGE ADV,500,433,397,341,285,229,174
2025,7712A,ENGLISH LIT A ADV OPTION A,375,321,286,244,203,162,121
2025,7712B,ENGLISH LIT A ADV OPTION B,375,326,294,250,206,162,119
2025,7717AA,ENGLISH LIT B ADV OPTION AA,375,317,283,241,199,157,115
2025,7717AB,ENGLISH LIT B ADV OPTION AB,375,313,277,237,197,157,117
2025,7717BA,ENGLISH LIT B ADV OPTION BA,375,336,301,260,219,178,137
2025,7717BB,ENGLISH LIT B ADV OPTION BB,375,330,295,256,217,178,139
2025,7447,ENVIRONMENTAL SCIENCE ADV,240,172,155,131,108,85,62
2025,7652T,FRENCH ADV TEACHER COND OPTION,400,360,322,283,244,205,167
2025,7652V,FRENCH ADV VISITING EXR OPTION,400,360,322,283,244,205,167
2025,7367DS,FURTHER MATHS ADV OPTION DS,300,243,204,170,136,102,69
2025,7367MD,FURTHER MATHS ADV OPTION MD,300,237,201,169,138,107,76
2025,7367SM,FURTHER MATHS ADV OPTION SM,300,241,199,165,132,99,66
2025,7037,GEOGRAPHY ADV,300,241,213,183,153,123,94
2025,7662T,GERMAN ADV TEACHER COND OPTION,400,351,306,259,212,165,119
2025,7662V,GERMAN ADV VISITING EXR OPTION,400,351,306,259,212,165,119
2025,7042AA,HISTORY ADV OPTION AA,200,157,135,111,88,65,42
2025,7042AB,HISTORY ADV OPTION AB,200,159,137,113,89,66,43
2025,7042AD,HISTORY ADV OPTION AD,200,158,136,112,88,64,41
2025,7042AE,HISTORY ADV OPTION AE,200,159,137,114,91,68,46
2025,7042AM,HISTORY ADV OPTION AM,200,150,128,106,85,64,43
2025,7042AS,HISTORY ADV OPTION AS,200,157,135,111,87,64,41
2025,7042BB,HISTORY ADV OPTION BB,200,164,142,118,94,70,46
2025,7042BD,HISTORY ADV OPTION BD,200,163,141,116,92,68,44
2025,7042BE,HISTORY ADV OPTION BE,200,164,142,118,95,72,49
2025,7042BM,HISTORY ADV OPTION BM,200,155,133,111,89,67,46
2025,7042BS,HISTORY ADV OPTION BS,200,162,140,116,92,68,44
2025,7042CF,HISTORY ADV OPTION CF,200,162,140,117,94,71,49
2025,7042CG,HISTORY ADV OPTION CG,200,160,138,115,92,70,48
2025,7042CH,HISTORY ADV OPTION CH,200,155,133,111,89,67,46
2025,7042CJ,HISTORY ADV OPTION CJ,200,161,139,117,95,73,52
2025,7042CK,HISTORY ADV OPTION CK,200,157,135,112,89,66,44
2025,7042CL,HISTORY ADV OPTION CL,200,158,136,113,90,68,46
2025,7042CN,HISTORY ADV OPTION CN,200,156,135,113,91,69,48
2025,7042CO,HISTORY ADV OPTION CO,200,160,139,117,95,73,52
2025,7042CP,HISTORY ADV OPTION CP,200,160,138,116,94,73,52
2025,7042CQ,HISTORY ADV OPTION CQ,200,160,138,116,94,72,50
2025,7042CR,HISTORY ADV OPTION CR,200,162,140,117,94,72,50
2025,7042CT,HISTORY ADV OPTION CT,200,160,138,116,94,73,52
2025,7042DG,HISTORY ADV OPTION DG,200,165,143,119,96,73,50
2025,7042DH,HISTORY ADV OPTION DH,200,160,138,115,92,70,48
2025,7042DJ,HISTORY ADV OPTION DJ,200,166,144,121,98,76,54
2025,7042DK,HISTORY ADV OPTION DK,200,162,140,116,92,69,46
2025,7042DL,HISTORY ADV OPTION DL,200,163,141,117,94,71,48
2025,7042DN,HISTORY ADV OPTION DN,200,162,140,117,94,72,50
2025,7042DO,HISTORY ADV OPTION DO,200,166,144,121,98,76,54
2025,7042DP,HISTORY ADV OPTION DP,200,165,143,120,98,76,54
2025,7042DQ,HISTORY ADV OPTION DQ,200,165,143,120,97,74,52
2025,7042DR,HISTORY ADV OPTION DR,200,167,145,121,98,75,52
2025,7042EA,HISTORY ADV OPTION EA,200,155,133,112,91,70,50
2025,7042EE,HISTORY ADV OPTION EE,200,157,135,114,94,74,54
2025,7042EM,HISTORY ADV OPTION EM,200,148,126,107,88,69,51
2025,7042ES,HISTORY ADV OPTION ES,200,155,133,112,91,70,49
2025,7042FC,HISTORY ADV OPTION FC,200,160,138,115,92,69,46
2025,7042FF,HISTORY ADV OPTION FF,200,163,141,117,94,71,48
2025,7042FG,HISTORY ADV OPTION FG,200,161,139,116,93,70,47
2025,7042FH,HISTORY ADV OPTION FH,200,156,134,111,89,67,45
2025,7042FJ,HISTORY ADV OPTION FJ,200,162,140,117,95,73,51
2025,7042FL,HISTORY ADV OPTION FL,200,159,137,114,91,68,45
2025,7042FN,HISTORY ADV OPTION FN,200,158,136,113,91,69,47
2025,7042FO,HISTORY ADV OPTION FO,200,162,140,117,95,73,51
2025,7042FP,HISTORY ADV OPTION FP,200,161,139,117,95,73,51
2025,7042FQ,HISTORY ADV OPTION FQ,200,161,139,116,93,71,49
2025,7042FR,HISTORY ADV OPTION FR,200,163,141,118,95,72,49
2025,7042FT,HISTORY ADV OPTION FT,200,161,139,117,95,73,51
2025,7042GF,HISTORY ADV OPTION GF,200,159,137,114,91,69,47
2025,7042GG,HISTORY ADV OPTION GG,200,157,135,112,90,68,46
2025,7042GH,HISTORY ADV OPTION GH,200,152,130,108,86,65,44
2025,7042GK,HISTORY ADV OPTION GK,200,154,132,109,86,64,42
2025,7042GL,HISTORY ADV OPTION GL,200,155,133,110,88,66,44
2025,7042GN,HISTORY ADV OPTION GN,200,154,132,110,88,67,46
2025,7042GO,HISTORY ADV OPTION GO,200,158,136,114,92,71,50
2025,7042GP,HISTORY ADV OPTION GP,200,157,135,113,92,71,50
2025,7042GQ,HISTORY ADV OPTION GQ,200,157,135,113,91,69,48
2025,7042GR,HISTORY ADV OPTION GR,200,159,137,114,92,70,48
2025,7042HA,HISTORY ADV OPTION HA,200,154,132,110,88,66,45
2025,7042HB,HISTORY ADV OPTION HB,200,156,134,112,90,68,46
2025,7042HD,HISTORY ADV OPTION HD,200,155,133,110,88,66,44
2025,7042HE,HISTORY ADV OPTION HE,200,156,134,112,91,70,49
2025,7042HM,HISTORY ADV OPTION HM,200,147,125,105,85,65,46
2025,7042HS,HISTORY ADV OPTION HS,200,159,132,110,88,66,44
2025,7042JF,HISTORY ADV OPTION JF,200,158,136,113,90,67,45
2025,7042JG,HISTORY ADV OPTION JG,200,156,134,111,88,66,44
2025,7042JH,HISTORY ADV OPTION JH,200,151,129,107,85,63,42
2025,7042JJ,HISTORY ADV OPTION JJ,200,157,135,113,91,69,48
2025,7042JL,HISTORY ADV OPTION JL,200,154,132,109,86,64,42
2025,7042JN,HISTORY ADV OPTION JN,200,153,131,109,87,65,44
2025,7042JO,HISTORY ADV OPTION JO,200,157,135,113,91,69,48
2025,7042JP,HISTORY ADV OPTION JP,200,156,134,112,90,69,48
2025,7042JQ,HISTORY ADV OPTION JQ,200,156,134,112,90,68,46
2025,7042JR,HISTORY ADV OPTION JR,200,158,136,113,90,68,46
2025,7042JT,HISTORY ADV OPTION JT,200,156,134,112,90,69,48
2025,7042KA,HISTORY ADV OPTION KA,200,159,137,114,92,70,48
2025,7042KB,HISTORY ADV OPTION KB,200,161,139,116,93,71,49
2025,7042KD,HISTORY ADV OPTION KD,200,160,138,115,92,69,47
2025,7042KE,HISTORY ADV OPTION KE,200,161,139,117,95,73,52
2025,7042KM,HISTORY ADV OPTION KM,200,152,130,109,89,69,49
2025,7042KS,HISTORY ADV OPTION KS,200,159,137,114,91,69,47
2025,7042LA,HISTORY ADV OPTION LA,200,157,135,112,90,68,46
2025,7042LB,HISTORY ADV OPTION LB,200,159,137,114,91,69,47
2025,7042LD,HISTORY ADV OPTION LD,200,158,136,113,90,67,45
2025,7042LE,HISTORY ADV OPTION LE,200,159,137,115,93,71,50
2025,7042LM,HISTORY ADV OPTION LM,200,150,128,107,87,67,47
2025,7042LS,HISTORY ADV OPTION LS,200,156,135,112,89,67,45
2025,7162A,LAW ADV OPTION A,300,209,185,153,122,91,60
2025,7162B,LAW ADV OPTION B,300,213,186,155,124,93,62
2025,7357,MATHEMATICS ADV,300,260,221,183,145,108,71
2025,7572,MEDIA STUDIES ADV,240,203,184,156,129,102,75
2025,7672,MODERN HEBREW ADV,400,297,260,223,186,150,114
2025,7272,MUSIC ADV,300,249,222,194,167,140,113
2025,7682,PANJABI ADV,400,261,232,203,174,145,116
2025,7172,PHILOSOPHY ADV,200,158,136,110,84,58,33
2025,7582,PHYSICAL EDUCATION ADV,300,223,205,178,151,125,99
2025,7408A,PHYSICS ADV (ASTROPHYSICS),250,182,152,126,100,75,50
2025,7408E,PHYSICS ADV (ELECTRONICS),250,185,153,127,101,76,51
2025,7408C,PHYSICS ADV (ENGINEERING),250,190,155,129,103,77,51
2025,7408B,PHYSICS ADV (MEDICAL),250,181,148,123,98,74,50
2025,7408D,PHYSICS ADV (TURNING POINTS),250,184,151,126,101,76,51
2025,7687,POLISH ADV,400,327,265,228,191,154,117
2025,7152,POLITICS ADV,231,175,149,122,96,70,44
2025,7182,PSYCHOLOGY ADV,288,222,198,163,128,94,60
2025,7062A,RELIGIOUS STUDIES ADV OPTION A,200,173,148,122,96,71,46
2025,7062B,RELIGIOUS STUDIES ADV OPTION B,200,173,148,122,96,71,46
2025,7062C,RELIGIOUS STUDIES ADV OPTION C,200,173,148,122,96,71,46
2025,7062D,RELIGIOUS STUDIES ADV OPTION D,200,173,148,122,96,71,46
2025,7062E,RELIGIOUS STUDIES ADV OPTION E,200,173,148,122,96,71,46
2025,7192,SOCIOLOGY ADV,240,190,171,147,123,99,76
2025,7692T,SPANISH ADV TEACHER COND OPT,400,349,313,266,219,173,127
2025,7692V,SPANISH ADV VISITING EXR OPT,400,349,313,266,219,173,127