2017,9AD0,"Art, Craft And Design",180,138,125,101,77,53,30
2017,9BI0,"Biology",300,189,157,133,109,85,62
2017,9BN0,"Biology",300,200,174,150,126,102,79
2017,9BS0,"Business",335,243,222,193,165,137,109
2017,9CH0,"Chemistry",300,248,209,173,137,102,67
2017,9EB0,"Economics B",335,230,199,172,146,120,94
2017,9EC0,"Economics A",335,261,230,199,168,137,107
2017,9EN0,"English Language",250,198,174,152,130,108,86
2017,9EL0,"English Language & Literature",300,242,218,186,154,123,92
2017,9ET0,"English Literature",300,231,207,178,149,120,91
2017,9FA0,"Fine Art",180,138,125,101,77,53,30
2017,9GC0,"Graphic Communication",180,138,125,101,77,53,30
2017,9HI0,"History: Papers 1A & 2A & 30",200,176,159,133,107,81,55
2017,9HI0,"History: Papers 1A & 2A & 31",200,176,159,134,109,84,59
2017,9HI0,"History: Papers 1A & 2A & 32",200,180,163,136,109,82,56
2017,9HI0,"History: Papers 1A & 2A & 33",200,174,157,132,107,82,57
2017,9HI0,"History: Papers 1A & 2A & 34",200,178,161,135,109,83,58
2017,9HI0,"History: Papers 1A & 2A & 35",200,175,159,133,108,83,58
2017,9HI0,"History: Papers 1A & 2A & 36",200,177,160,134,108,82,56
2017,9HI0,"History: Papers 1A & 2A & 37",200,176,159,133,107,81,56
2017,9HI0,"History: Papers 1A & 2A & 38",200,176,159,133,107,81,55
2017,9HI0,"History: Papers 1A & 2A & 39",200,176,160,134,108,82,57
2017,9HI0,"History: Papers 1B & 2B & 30",200,167,150,127,104,81,58
2017,9HI0,"History: Papers 1B & 2B & 33",200,165,148,126,104,82,60
2017,9HI0,"History: Papers 1B & 2B & 34",200,169,152,129,106,83,61
2017,9HI0,"History: Papers 1B & 2B & 35",200,166,150,127,105,83,61
2017,9HI0,"History: Papers 1B & 2B & 36",200,168,151,128,105,82,59
2017,9HI0,"History: Papers 1B & 2B & 37",200,167,150,127,104,81,59
2017,9HI0,"History: Papers 1B & 2B & 38",200,167,150,127,104,81,58
2017,9HI0,"History: Papers 1B & 2B & 39",200,167,151,128,105,82,60
2017,9HI0,"History: Papers 1C & 2C & 30",200,170,153,128,103,79,55
2017,9HI0,"History: Papers 1C & 2C & 31",200,170,153,129,105,82,59
2017,9HI0,"History: Papers 1C & 2C & 32",200,174,157,131,106,81,56
2017,9HI0,"History: Papers 1C & 2C & 33",200,168,151,127,103,80,57
2017,9HI0,"History: Papers 1C & 2C & 34",200,172,155,130,106,82,58
2017,9HI0,"History: Papers 1C & 2C & 35",200,169,153,129,105,81,58
2017,9HI0,"History: Papers 1C & 2C & 36",200,171,154,129,104,80,56
2017,9HI0,"History: Papers 1C & 2C & 37",200,170,153,128,104,80,56
2017,9HI0,"History: Papers 1C & 2C & 39",200,170,154,129,105,81,57
2017,9HI0,"History: Papers 1D & 2D & 30",200,168,151,126,102,78,54
2017,9HI0,"History: Papers 1D & 2D & 31",200,168,151,127,104,81,58
2017,9HI0,"History: Papers 1D & 2D & 32",200,172,155,130,105,80,55
2017,9HI0,"History: Papers 1D & 2D & 33",200,166,149,125,102,79,56
2017,9HI0,"History: Papers 1D & 2D & 37",200,168,151,127,103,79,55
2017,9HI0,"History: Papers 1D & 2D & 38",200,168,151,126,102,78,54
2017,9HI0,"History: Papers 1D & 2D & 39",200,168,152,128,104,80,56
2017,9HI0,"History: Papers 1E & 2E & 30",200,167,150,128,107,86,65
2017,9HI0,"History: Papers 1E & 2E & 31",200,167,150,129,109,89,69
2017,9HI0,"History: Papers 1E & 2E & 34",200,169,152,131,110,89,68
2017,9HI0,"History: Papers 1E & 2E & 35",200,166,150,129,108,88,68
2017,9HI0,"History: Papers 1E & 2E & 36",200,168,151,129,108,87,66
2017,9HI0,"History: Papers 1F & 2F & 30",200,169,152,129,107,85,63
2017,9HI0,"History: Papers 1F & 2F & 31",200,169,152,130,109,88,67
2017,9HI0,"History: Papers 1F & 2F & 34",200,171,154,132,110,88,66
2017,9HI0,"History: Papers 1F & 2F & 35",200,168,152,130,108,87,66
2017,9HI0,"History: Papers 1F & 2F & 36",200,170,153,130,108,86,64
2017,9HI0,"History: Papers 1G & 2G & 30",200,171,154,132,110,88,67
2017,9HI0,"History: Papers 1G & 2G & 31",200,171,154,133,112,91,71
2017,9HI0,"History: Papers 1G & 2G & 34",200,173,156,134,112,91,70
2017,9HI0,"History: Papers 1G & 2G & 35",200,170,154,133,112,91,70
2017,9HI0,"History: Papers 1G & 2G & 36",200,172,155,133,111,89,68
2017,9HI0,"History: Papers 1H & 2H & 30",200,166,149,126,103,80,58
2017,9HI0,"History: Papers 1H & 2H & 31",200,166,149,127,105,83,62
2017,9HI0,"History: Papers 1H & 2H & 32",200,170,153,129,105,82,59
2017,9HI0,"History: Papers 1H & 2H & 33",200,164,147,125,103,81,60
2017,9HI0,"History: Papers 1H & 2H & 34",200,168,151,128,105,83,61
2017,9HI0,"History: Papers 1H & 2H & 35",200,165,149,127,105,83,61
2017,9HI0,"History: Papers 1H & 2H & 36",200,167,150,127,104,81,59
2017,9PY0,"Photography",180,139,127,103,80,57,34
2017,9PH0,"Physics",300,214,183,155,128,101,74
2017,9PS0,"Psychology",270,152,131,112,93,74,56
2017,9TE0,"Textile Design",180,138,125,101,77,53,30
2017,9TD0,"3D Design",180,138,125,101,77,53,30
2018,9AD0,"A level Art, Craft And Design: Papers 01 & 02",180,139,125,101,77,53,30
2018,9AD0,"A level Art, Craft And Design: Papers 01T & 02",180,139,125,101,77,53,30
2018,9BN0,"A level Biology A",300,197,170,145,121,97,73
2018,9BI0,"A level Biology B",300,197,167,141,115,89,64
2018,9BS0,"A level Business",335,242,222,194,167,140,113
2018,9CH0,"A level Chemistry",300,250,214,177,140,104,68
2018,9DR0,"A level Drama and Theatre",300,246,227,196,165,134,103
2018,9EC0,"A level Economics A",335,261,234,205,176,147,119
2018,9EB0,"A level Economics B",335,222,188,163,138,113,89
2018,9EN0,"A level English Language Papers 01 & 02 & 03 & 04",250,186,165,142,119,96,74
2018,9EN0,"A level English Language Papers 01 & 02 & 03 & 04T",250,186,165,142,119,96,74
2018,9EL0,"A level English Language & Literature Papers 01 & 02 & 03",300,236,208,178,148,118,88
2018,9EL0,"A level English Language & Literature Papers 01 & 02 & 03T",300,236,208,178,148,118,88
2018,9ET0,"A level English Literature Papers 01 & 02 & 03 & 04",300,231,208,179,151,123,95
2018,9ET0,"A level English Literature Papers 01 & 02 & 03 & 04T",300,231,208,179,151,123,95
2018,9FA0,"A level Fine Art Papers 01 & 02",180,139,125,101,77,53,30
2018,9FA0,"A level Fine Art Papers 01T & 02",180,139,125,101,77,53,30
2018,9FR0,"A level French: Papers 01 & 02 & 3A",400,319,271,233,195,157,119
2018,9FR0,"A level French: Papers 01 & 02 & 3B",400,319,271,233,195,157,119
2018,9GE0,"A level Geography",350,270,240,209,178,148,118
2018,9GN0,"A level German: Papers 01 & 02 & 3A",400,335,279,234,189,144,100
2018,9GN0,"A level German: Papers 01 & 02 & 3B",400,335,279,234,189,144,100
2018,9GC0,"A level Graphic Communication Papers 01 & 02",180,139,125,101,77,53,30
2018,9GC0,"A level Graphic Communication Papers 01T & 02",180,139,125,101,77,53,30
2018,9HI0,"A level History: Papers 1A & 2A & 30 & 04",200,170,154,129,105,81,57
2018,9HI0,"A level History: Papers 1A & 2A & 31 & 04",200,171,155,131,107,83,60
2018,9HI0,"A level History: Papers 1A & 2A & 32 & 04",200,171,155,130,105,81,57
2018,9HI0,"A level History: Papers 1A & 2A & 33 & 04",200,170,154,130,106,82,58
2018,9HI0,"A level History: Papers 1A & 2A & 34 & 04",200,171,155,131,107,83,59
2018,9HI0,"A level History: Papers 1A & 2A & 35 & 04",200,172,156,132,108,84,60
2018,9HI0,"A level History: Papers 1A & 2A & 36 & 04",200,172,156,131,106,82,58
2018,9HI0,"A level History: Papers 1A & 2A & 37 & 04",200,172,156,131,106,82,58
2018,9HI0,"A level History: Papers 1A & 2A & 38 & 04",200,170,154,129,105,81,57
2018,9HI0,"A level History: Papers 1A & 2A & 39 & 04",200,170,154,130,106,82,58
2018,9HI0,"A level History: Papers 1B & 2B & 30 & 04",200,164,148,126,104,82,60
2018,9HI0,"A level History: Papers 1B & 2B & 33 & 04",200,164,148,126,104,82,61
2018,9HI0,"A level History: Papers 1B & 2B & 34 & 04",200,165,149,127,105,83,62
2018,9HI0,"A level History: Papers 1B & 2B & 35 & 04",200,166,150,128,106,84,63
2018,9HI0,"A level History: Papers 1B & 2B & 36 & 04",200,166,150,127,105,83,61
2018,9HI0,"A level History: Papers 1B & 2B & 37 & 04",200,166,150,127,105,83,61
2018,9HI0,"A level History: Papers 1B & 2B & 38 & 04",200,164,148,126,104,82,60
2018,9HI0,"A level History: Papers 1B & 2B & 39 & 04",200,164,148,126,104,82,61
2018,9HI0,"A level History: Papers 1C & 2C & 30 & 04",200,166,150,126,103,80,57
2018,9HI0,"A level History: Papers 1C & 2C & 31 & 04",200,167,151,128,105,82,60
2018,9HI0,"A level History: Papers 1C & 2C & 32 & 04",200,167,151,127,103,80,57
2018,9HI0,"A level History: Papers 1C & 2C & 33 & 04",200,166,150,127,104,81,58
2018,9HI0,"A level History: Papers 1C & 2C & 34 & 04",200,167,151,128,105,82,59
2018,9HI0,"A level History: Papers 1C & 2C & 35 & 04",200,168,152,129,106,83,60
2018,9HI0,"A level History: Papers 1C & 2C & 36 & 04",200,167,152,128,104,81,58
2018,9HI0,"A level History: Papers 1C & 2C & 37 & 04",200,169,152,128,104,81,58
2018,9HI0,"A level History: Papers 1C & 2C & 39 & 04",200,168,150,127,104,81,58
2018,9HI0,"A level History: Papers 1D & 2D & 30 & 04",200,166,150,127,104,81,58
2018,9HI0,"A level History: Papers 1D & 2D & 31 & 04",200,167,151,128,105,83,61
2018,9HI0,"A level History: Papers 1D & 2D & 33 & 04",200,166,150,127,104,81,59
2018,9HI0,"A level History: Papers 1D & 2D & 37 & 04",200,169,152,128,105,82,59
2018,9HI0,"A level History: Papers 1D & 2D & 38 & 04",200,166,150,127,104,81,58
2018,9HI0,"A level History: Papers 1D & 2D & 39 & 04",200,166,150,127,104,81,59
2018,9HI0,"A level History: Papers 1E & 2E & 30 & 04",200,165,150,128,106,85,64
2018,9HI0,"A level History: Papers 1E & 2E & 31 & 04",200,167,151,130,109,88,67
2018,9HI0,"A level History: Papers 1E & 2E & 34 & 04",200,166,151,129,108,87,66
2018,9HI0,"A level History: Papers 1E & 2E & 35 & 04",200,168,152,130,109,88,67
2018,9HI0,"A level History: Papers 1E & 2E & 36 & 04",200,169,152,130,108,86,65
2018,9HI0,"A level History: Papers 1F & 2F & 30 & 04",200,166,150,128,107,86,65
2018,9HI0,"A level History: Papers 1F & 2F & 31 & 04",200,167,151,130,109,88,68
2018,9HI0,"A level History: Papers 1F & 2F & 34 & 04",200,167,151,130,109,88,67
2018,9HI0,"A level History: Papers 1F & 2F & 35 & 04",200,167,152,131,110,89,68
2018,9HI0,"A level History: Papers 1F & 2F & 36 & 04",200,168,152,130,108,87,66
2018,9HI0,"A level History: Papers 1G & 2G & 30 & 04",200,169,153,131,110,89,68
2018,9HI0,"A level History: Papers 1G & 2G & 31 & 04",200,167,154,133,112,91,71
2018,9HI0,"A level History: Papers 1G & 2G & 34 & 04",200,168,154,133,112,91,70
2018,9HI0,"A level History: Papers 1G & 2G & 35 & 04",200,171,155,134,113,92,71
2018,9HI0,"A level History: Papers 1G & 2G & 36 & 04",200,171,155,133,111,90,69
2018,9HI0,"A level History: Papers 1H & 2H & 30 & 04",200,165,149,126,103,81,59
2018,9HI0,"A level History: Papers 1H & 2H & 31 & 04",200,166,150,128,106,84,62
2018,9HI0,"A level History: Papers 1H & 2H & 33 & 04",200,167,149,126,104,82,60
2018,9HI0,"A level History: Papers 1H & 2H & 34 & 04",200,166,150,127,105,83,61
2018,9HI0,"A level History: Papers 1H & 2H & 35 & 04",200,167,151,128,106,84,62
2018,9HI0,"A level History: Papers 1H & 2H & 36 & 04",200,167,151,128,105,82,60
2018,9HI0,"A level History: Papers 1A & 2A & 30 & 04T",200,170,154,129,105,81,57
2018,9HI0,"A level History: Papers 1A & 2A & 31 & 04T",200,171,155,131,107,83,60
2018,9HI0,"A level History: Papers 1A & 2A & 32 & 04T",200,171,155,130,105,81,57
2018,9HI0,"A level History: Papers 1A & 2A & 33 & 04T",200,170,154,130,106,82,58
2018,9HI0,"A level History: Papers 1A & 2A & 34 & 04T",200,171,155,131,107,83,59
2018,9HI0,"A level History: Papers 1A & 2A & 35 & 04T",200,172,156,132,108,84,60
2018,9HI0,"A level History: Papers 1A & 2A & 36 & 04T",200,172,156,131,106,82,58
2018,9HI0,"A level History: Papers 1A & 2A & 37 & 04T",200,172,156,131,106,82,58
2018,9HI0,"A level History: Papers 1A & 2A & 38 & 04T",200,170,154,129,105,81,57
2018,9HI0,"A level History: Papers 1A & 2A & 39 & 04T",200,170,154,130,106,82,58
2018,9HI0,"A level History: Papers 1B & 2B & 30 & 04T",200,164,148,126,104,82,60
2018,9HI0,"A level History: Papers 1B & 2B & 33 & 04T",200,164,148,126,104,82,61
2018,9HI0,"A level History: Papers 1B & 2B & 34 & 04T",200,165,149,127,105,83,62
2018,9HI0,"A level History: Papers 1B & 2B & 35 & 04T",200,166,150,128,106,84,63
2018,9HI0,"A level History: Papers 1B & 2B & 36 & 04T",200,166,150,127,105,83,61
2018,9HI0,"A level History: Papers 1B & 2B & 37 & 04T",200,166,150,127,105,83,61
2018,9HI0,"A level History: Papers 1B & 2B & 38 & 04T",200,164,148,126,104,82,60
2018,9HI0,"A level History: Papers 1B & 2B & 39 & 04T",200,164,148,126,104,82,61
2018,9HI0,"A level History: Papers 1C & 2C & 30 & 04T",200,166,150,126,103,80,57
2018,9HI0,"A level History: Papers 1C & 2C & 31 & 04T",200,167,151,128,105,82,60
2018,9HI0,"A level History: Papers 1C & 2C & 32 & 04T",200,167,151,127,103,80,57
2018,9HI0,"A level History: Papers 1C & 2C & 33 & 04T",200,166,150,127,104,81,58
2018,9HI0,"A level History: Papers 1C & 2C & 34 & 04T",200,167,151,128,105,82,59
2018,9HI0,"A level History: Papers 1C & 2C & 35 & 04T",200,168,152,129,106,83,60
2018,9HI0,"A level History: Papers 1C & 2C & 36 & 04T",200,167,152,128,104,81,58
2018,9HI0,"A level History: Papers 1C & 2C & 37 & 04T",200,169,152,128,104,81,58
2018,9HI0,"A level History: Papers 1C & 2C & 39 & 04T",200,168,150,127,104,81,58
2018,9HI0,"A level History: Papers 1D & 2D & 30 & 04T",200,166,150,127,104,81,58
2018,9HI0,"A level History: Papers 1D & 2D & 31 & 04T",200,167,151,128,105,83,61
2018,9HI0,"A level History: Papers 1D & 2D & 33 & 04T",200,166,150,127,104,81,59
2018,9HI0,"A level History: Papers 1D & 2D & 37 & 04T",200,169,152,128,105,82,59
2018,9HI0,"A level History: Papers 1D & 2D & 38 & 04T",200,166,150,127,104,81,58
2018,9HI0,"A level History: Papers 1D & 2D & 39 & 04T",200,166,150,127,104,81,59
2018,9HI0,"A level History: Papers 1E & 2E & 30 & 04T",200,165,150,128,106,85,64
2018,9HI0,"A level History: Papers 1E & 2E & 31 & 04T",200,167,151,130,109,88,67
2018,9HI0,"A level History: Papers 1E & 2E & 34 & 04T",200,166,151,129,108,87,66
2018,9HI0,"A level History: Papers 1E & 2E & 35 & 04T",200,168,152,130,109,88,67
2018,9HI0,"A level History: Papers 1E & 2E & 36 & 04T",200,169,152,130,108,86,65
2018,9HI0,"A level History: Papers 1F & 2F & 30 & 04T",200,166,150,128,107,86,65
2018,9HI0,"A level History: Papers 1F & 2F & 31 & 04T",200,167,151,130,109,88,68
2018,9HI0,"A level History: Papers 1F & 2F & 34 & 04T",200,167,151,130,109,88,67
2018,9HI0,"A level History: Papers 1F & 2F & 35 & 04T",200,167,152,131,110,89,68
2018,9HI0,"A level History: Papers 1F & 2F & 36 & 04T",200,168,152,130,108,87,66
2018,9HI0,"A level History: Papers 1G & 2G & 30 & 04T",200,169,153,131,110,89,68
2018,9HI0,"A level History: Papers 1G & 2G & 31 & 04T",200,167,154,133,112,91,71
2018,9HI0,"A level History: Papers 1G & 2G & 34 & 04T",200,168,154,133,112,91,70
2018,9HI0,"A level History: Papers 1G & 2G & 35 & 04T",200,171,155,134,113,92,71
2018,9HI0,"A level History: Papers 1G & 2G & 36 & 04T",200,171,155,133,111,90,69
2018,9HI0,"A level History: Papers 1H & 2H & 30 & 04T",200,165,149,126,103,81,59
2018,9HI0,"A level History: Papers 1H & 2H & 31 & 04T",200,166,150,128,106,84,62
2018,9HI0,"A level History: Papers 1H & 2H & 33 & 04T",200,167,149,126,104,82,60
2018,9HI0,"A level History: Papers 1H & 2H & 34 & 04T",200,166,150,127,105,83,61
2018,9HI0,"A level History: Papers 1H & 2H & 35 & 04T",200,167,151,128,106,84,62
2018,9HI0,"A level History: Papers 1H & 2H & 36 & 04T",200,167,151,128,105,82,60
2018,9MA0,"A level Mathematics",300,229,184,155,126,98,70
2018,9MU0,"A level Music",250,210,186,160,135,110,85
2018,9PY0,"A level Photography: Papers 01 & 02",180,141,127,103,80,57,34
2018,9PY0,"A level Photography: Papers 01T & 02",180,141,127,103,80,57,34
2018,9PE0,"A level Physical Education",360,249,223,197,171,146,121
2018,9PH0,"A level Physics",300,207,174,146,118,90,63
2018,9PS0,"A level Psychology",270,173,152,129,106,84,62
2018,9RS0,"A level Religious Studies: Papers 01 & 02 & 03",240,223,200,171,142,114,86
2018,9RS0,"A level Religious Studies: Papers 01 & 02 & 4A",240,225,202,172,142,112,83
2018,9RS0,"A level Religious Studies: Papers 01 & 02 & 4B",240,224,202,172,142,112,83
2018,9RS0,"A level Religious Studies: Papers 01 & 02 & 4C",240,223,200,171,142,114,86
2018,9RS0,"A level Religious Studies: Papers 01 & 02 & 4D",240,222,199,169,139,110,81
2018,9RS0,"A level Religious Studies: Papers 01 & 02 & 4E",240,223,200,171,142,113,84
2018,9RS0,"A level Religious Studies: Papers 01 & 02 & 4F",240,223,200,171,142,113,84
2018,9RS0,"A level Religious Studies: Papers 01 & 03 & 4C",240,227,202,173,144,115,87
2018,9RS0,"A level Religious Studies: Papers 01 & 03 & 4E",240,224,202,172,143,114,85
2018,9RS0,"A level Religious Studies: Papers 02 & 03 & 4A",240,230,207,176,146,116,86
2018,9RS0,"A level Religious Studies: Papers 02 & 03 & 4D",240,228,204,174,144,114,84
2018,9SP0,"A level Spanish: Papers 01 & 02 & 3A",400,328,293,247,201,156,111
2018,9SP0,"A level Spanish: Papers 01 & 02 & 3B",400,328,293,247,201,156,111
2018,9TE0,"A level Textile Design: Papers 01 & 02",180,139,125,101,77,53,30
2018,9TE0,"A level Textile Design: Papers 01T & 02 3D Design: New Specification",180,139,125,101,77,53,30
2018,9TD0,"A level 3D Design: Papers 01 & 02",180,139,125,101,77,53,30
2018,9TD0,"A level 3D Design: Papers 01T & 02",180,139,125,101,77,53,30
2019,9TD0,"A Level Art and Design (3D Design) Papers 01 & 02",180,141,128,103,78,54,30
2019,9TD0,"A Level Art and Design (3D Design) Papers 01T & 02",180,141,128,103,78,54,30
2019,9FA0,"A Level Art and Design (Fine Art) Papers 01 & 02",180,141,128,103,78,54,30
2019,9FA0,"A Level Art and Design (Fine Art) Papers 01T & 02",180,141,128,103,78,54,30
2019,9GC0,"A Level Art and Design (Graphic Communication) Papers 01 & 02",180,141,128,103,78,54,30
2019,9GC0,"A Level Art and Design (Graphic Communication) Papers 01T & 02",180,141,128,103,78,54,30
2019,9PY0,"A Level Art and Design (Photography) Papers 01 & 02",180,142,129,105,81,57,34
2019,9PY0,"A Level Art and Design (Photography) Papers 01T & 02",180,142,129,105,81,57,34
2019,9TE0,"A Level Art and Design (Textile Design) Papers 01 & 02",180,141,128,103,78,54,30
2019,9TE0,"A Level Art and Design (Textile Design) Papers 01T & 02",180,141,128,103,78,54,30
2019,9AD0,"A Level Art, Craft And Design Papers 01 & 02",180,141,128,103,78,54,30
2019,9AD0,"A Level Art, Craft And Design Papers 01T & 02",180,141,128,103,78,54,30
2019,9BN0,"A Level Biology A (Salters Nuffield) Papers E, 01, 02 & 03",300,204,175,152,129,106,84
2019,9BI0,"A Level Biology B Papers E, 01, 02 & 03",300,199,167,140,114,88,62
2019,9BS0,"A Level Business",335,247,225,197,169,142,115
2019,9CH0,"A Level Chemistry Papers E, 01, 02 & 03",300,242,202,165,129,93,57
2019,9CN0,"A Level Chinese Papers 01, 02 & 03",400,324,290,252,214,176,139
2019,9DT0,"A Level Design and Technology",240,181,163,140,117,95,73
2019,9DR0,"A Level Drama and Theatre Papers 01, 02 & 03",300,255,232,200,168,137,106
2019,9DR0,"A Level Drama and Theatre Papers 01T, 02 & 03",300,255,232,200,168,137,106
2019,9DR0,"A Level Drama and Theatre Papers 01, 02T & 03",300,255,232,200,168,137,106
2019,9DR0,"A Level Drama and Theatre Papers 01T, 02T & 03",300,255,232,200,168,137,106
2019,9EC0,"A Level Economics A",335,268,240,209,178,148,118
2019,9EB0,"A Level Economics B",335,219,193,169,145,121,97
2019,9EN0,"A Level English Language Papers 01, 02, 03 & 04",250,183,161,139,117,95,74
2019,9EN0,"A Level English Language Papers 01, 02, 03 & 04T",250,183,161,139,117,95,74
2019,9EL0,"A Level English Language & Literature Papers 01, 02 & 03",300,243,220,189,158,128,98
2019,9EL0,"A Level English Language & Literature Papers 01, 02 & 03T",300,243,220,189,158,128,98
2019,9ET0,"A Level English Literature Papers 01, 02, 03 & 04",300,232,208,180,152,125,98
2019,9ET0,"A Level English Literature Papers 01, 02, 03 & 04T",300,232,208,180,152,125,98
2019,9FR0,"A Level French Papers 01, 02 & 03",400,329,274,229,184,139,95
2019,9FM0,"A Level Further Mathematics Papers 01, 02, 3A & 4A",300,235,197,163,129,96,63
2019,9FM0,"A Level Further Mathematics Papers 01, 02, 3A & 3B",300,237,199,165,131,98,65
2019,9FM0,"A Level Further Mathematics Papers 01, 02, 3A & 3C",300,242,200,167,134,101,68
2019,9FM0,"A Level Further Mathematics Papers 01, 02, 3A & 3D",300,234,196,163,131,99,67
2019,9FM0,"A Level Further Mathematics Papers 01, 02, 3B & 3C",300,238,199,165,132,99,66
2019,9FM0,"A Level Further Mathematics Papers 01, 02, 3B & 3D",300,230,195,162,129,97,65
2019,9FM0,"A Level Further Mathematics Papers 01, 02, 3B & 4B",300,239,201,167,133,99,65
2019,9FM0,"A Level Further Mathematics Papers 01, 02, 3C & 3D",300,231,196,164,132,100,68
2019,9FM0,"A Level Further Mathematics Papers 01, 02, 3C & 4C",300,248,203,169,135,102,69
2019,9FM0,"A Level Further Mathematics Papers 01, 02, 3D & 4D",300,229,191,158,126,94,62
2019,9GE0,"A Level Geography Papers 01, 02, 03 & 04",350,268,239,210,181,152,123
2019,9GE0,"A Level Geography Papers 01, 02, 03 & 04T",350,268,239,210,181,152,123
2019,9GN0,"A Level German Papers 01, 02 & 03",400,333,280,230,181,132,83
2019,9HI0,"A Level History Papers 04, 1A, 2A & 30",200,171,156,131,107,83,59
2019,9HI0,"A Level History Papers 04, 1A, 2A & 31",200,171,156,132,108,85,62
2019,9HI0,"A Level History Papers 04, 1A, 2A & 32",200,170,155,130,106,82,58
2019,9HI0,"A Level History Papers 04, 1A, 2A & 33",200,170,155,131,108,85,62
2019,9HI0,"A Level History Papers 04, 1A, 2A & 35",200,171,156,132,108,85,62
2019,9HI0,"A Level History Papers 04, 1A, 2A & 36",200,171,156,132,108,84,60
2019,9HI0,"A Level History Papers 04, 1A, 2A & 37",200,172,157,132,107,83,59
2019,9HI0,"A Level History Papers 04, 1A, 2A & 38",200,169,154,130,106,82,58
2019,9HI0,"A Level History Papers 04, 1A, 2A & 39",200,169,154,130,106,82,59
2019,9HI0,"A Level History Papers 04, 1B, 2B & 30",200,168,153,130,107,84,62
2019,9HI0,"A Level History Papers 04, 1B, 2B & 33",200,167,152,130,108,86,65
2019,9HI0,"A Level History Papers 04, 1B, 2B & 34",200,168,153,130,108,86,64
2019,9HI0,"A Level History Papers 04, 1B, 2B & 35",200,168,153,131,109,87,65
2019,9HI0,"A Level History Papers 04, 1B, 2B & 36",200,168,153,130,107,85,63
2019,9HI0,"A Level History Papers 04, 1B, 2B & 37",200,169,154,131,108,85,62
2019,9HI0,"A Level History Papers 04, 1B, 2B & 38",200,166,151,128,105,83,61
2019,9HI0,"A Level History Papers 04, 1B, 2B & 39",200,166,151,128,106,84,62
2019,9HI0,"A Level History Papers 04, 1C, 2C & 30",200,168,153,130,107,84,62
2019,9HI0,"A Level History Papers 04, 1C, 2C & 31",200,168,153,131,109,87,65
2019,9HI0,"A Level History Papers 04, 1C, 2C & 32",200,167,152,129,106,83,61
2019,9HI0,"A Level History Papers 04, 1C, 2C & 33",200,167,152,130,108,86,65
2019,9HI0,"A Level History Papers 04, 1C, 2C & 34",200,168,153,130,108,86,64
2019,9HI0,"A Level History Papers 04, 1C, 2C & 35",200,168,153,131,109,87,65
2019,9HI0,"A Level History Papers 04, 1C, 2C & 36",200,168,153,130,107,85,63
2019,9HI0,"A Level History Papers 04, 1C, 2C & 37",200,168,154,131,108,85,62
2019,9HI0,"A Level History Papers 04, 1C, 2C & 39",200,163,151,128,106,84,62
2019,9HI0,"A Level History Papers 04, 1D, 2D & 30",200,171,156,132,108,85,62
2019,9HI0,"A Level History Papers 04, 1D, 2D & 31",200,171,156,133,110,87,65
2019,9HI0,"A Level History Papers 04, 1D, 2D & 33",200,170,155,132,109,87,65
2019,9HI0,"A Level History Papers 04, 1D, 2D & 37",200,172,157,133,109,85,62
2019,9HI0,"A Level History Papers 04, 1D, 2D & 38",200,169,154,130,107,84,61
2019,9HI0,"A Level History Papers 04, 1D, 2D & 39",200,169,154,131,108,85,62
2019,9HI0,"A Level History Papers 04, 1E, 2E & 30",200,170,155,132,110,88,66
2019,9HI0,"A Level History Papers 04, 1E, 2E & 31",200,170,155,133,111,90,69
2019,9HI0,"A Level History Papers 04, 1E, 2E & 34",200,170,155,133,111,89,68
2019,9HI0,"A Level History Papers 04, 1E, 2E & 35",200,170,155,133,111,90,69
2019,9HI0,"A Level History Papers 04, 1E, 2E & 36",200,171,155,133,111,89,67
2019,9HI0,"A Level History Papers 04, 1F, 2F & 30",200,169,154,132,110,88,67
2019,9HI0,"A Level History Papers 04, 1F, 2F & 31",200,169,154,133,112,91,70
2019,9HI0,"A Level History Papers 04, 1F, 2F & 34",200,169,154,132,111,90,69
2019,9HI0,"A Level History Papers 04, 1F, 2F & 35",200,169,154,133,112,91,70
2019,9HI0,"A Level History Papers 04, 1F, 2F & 36",200,169,154,132,110,89,68
2019,9HI0,"A Level History Papers 04, 1G, 2G & 30",200,170,155,133,111,90,69
2019,9HI0,"A Level History Papers 04, 1G, 2G & 31",200,170,155,134,113,92,72
2019,9HI0,"A Level History Papers 04, 1G, 2G & 34",200,170,155,134,113,92,71
2019,9HI0,"A Level History Papers 04, 1G, 2G & 35",200,172,155,134,113,92,72
2019,9HI0,"A Level History Papers 04, 1G, 2G & 36",200,170,155,133,112,91,70
2019,9HI0,"A Level History Papers 04, 1H, 2H & 30",200,167,152,129,107,85,63
2019,9HI0,"A Level History Papers 04, 1H, 2H & 31",200,167,152,130,108,87,66
2019,9HI0,"A Level History Papers 04, 1H, 2H & 33",200,165,151,129,108,87,66
2019,9HI0,"A Level History Papers 04, 1H, 2H & 34",200,167,152,130,108,86,65
2019,9HI0,"A Level History Papers 04, 1H, 2H & 35",200,167,152,130,108,87,66
2019,9HI0,"A Level History Papers 04, 1H, 2H & 36",200,167,152,130,108,86,64
2019,9HI0,"A Level History Papers 04T, 1A, 2A & 30",200,171,156,131,107,83,59
2019,9HI0,"A Level History Papers 04T, 1A, 2A & 36",200,171,156,132,108,84,60
2019,9HI0,"A Level History Papers 04T, 1A, 2A & 39",200,169,154,130,106,82,59
2019,9HI0,"A Level History Papers 04T, 1B, 2B & 30",200,168,153,130,107,84,62
2019,9HI0,"A Level History Papers 04T, 1B, 2B & 33",200,167,152,130,108,86,65
2019,9HI0,"A Level History Papers 04T, 1B, 2B & 35",200,168,153,131,109,87,65
2019,9HI0,"A Level History Papers 04T, 1C, 2C & 31",200,168,153,131,109,87,65
2019,9HI0,"A Level History Papers 04T, 1C, 2C & 33",200,167,152,130,108,86,65
2019,9HI0,"A Level History Papers 04T, 1C, 2C & 37",200,169,154,131,108,85,62
2019,9HI0,"A Level History Papers 04T, 1C, 2C & 39",200,166,151,128,106,84,62
2019,9HI0,"A Level History Papers 04T, 1C, 2C & 35",200,168,153,131,109,87,65
2019,9HI0,"A Level History Papers 04T, 1D, 2D & 37",200,172,157,133,109,85,62
2019,9HI0,"A Level History Papers 04T, 1E, 2E & 31",200,170,155,133,111,90,69
2019,9HI0,"A Level History Papers 04T, 1E, 2E & 35",200,170,155,133,111,90,69
2019,9HI0,"A Level History Papers 04T, 1E, 2E & 36",200,170,155,133,111,89,67
2019,9HI0,"A Level History Papers 04T, 1F, 2F & 31",200,169,154,133,112,91,70
2019,9HI0,"A Level History Papers 04T, 1F, 2F & 34",200,169,154,132,111,90,69
2019,9HI0,"A Level History Papers 04T, 1F, 2F & 35",200,169,154,133,112,91,70
2019,9HI0,"A Level History Papers 04T, 1F, 2F & 36",200,169,154,132,110,89,68
2019,9HI0,"A Level History Papers 04T, 1G, 2G & 31",200,170,155,134,113,92,72
2019,9HI0,"A Level History Papers 04T, 1G, 2G & 34",200,170,155,134,113,92,71
2019,9HI0,"A Level History Papers 04T, 1G, 2G & 35",200,170,155,134,113,92,72
2019,9HI0,"A Level History Papers 04T, 1G, 2G & 36",200,170,155,133,112,91,70
2019,9HI0,"A Level History Papers 04T, 1H, 2H & 31",200,167,152,130,108,87,66
2019,9HI0,"A Level History Papers 04T, 1H, 2H & 33",200,166,151,129,108,87,66
2019,9HI0,"A Level History Papers 04T, 1H, 2H & 35",200,167,152,130,108,87,66
2019,9HI0,"A Level History Papers 04T, 1H, 2H & 36",200,167,152,130,108,86,64
2019,9HT0,"A Level History of Art",220,169,141,113,85,57,30
2019,9IN0,"A Level Italian",400,333,291,249,207,165,124
2019,9MA0,"A Level Mathematics",300,217,165,134,103,73,43
2019,9MU0,"A Level Music Papers 01T, 02 & 03",250,198,177,151,126,101,76
2019,9MU0,"A Level Music Papers 01, 02T & 03",250,198,177,151,126,101,76
2019,9MU0,"A Level Music Papers 01T, 02T & 03",250,198,177,151,126,101,76
2019,9MT0,"A Level Music Technology Papers 01, 02, 03 & 04",300,247,225,197,169,142,115
2019,9PE0,"A Level Physical Education Papers 01, 02, 03 & 04",360,244,218,192,166,141,116
2019,9PE0,"A Level Physical Education Papers 01, 02, 03T & 04",360,244,218,192,166,141,116
2019,9PE0,"A Level Physical Education Papers 01, 02, 03 & 04T",360,244,218,192,166,141,116
2019,9PE0,"A Level Physical Education Papers 01, 02, 03T & 04T",360,244,218,192,166,141,116
2019,9PH0,"A Level Physics Papers E, 01, 02 & 03",300,206,176,148,120,92,65
2019,9PL0,"A Level Politics Papers 01, 02 & 3A",252,184,160,135,110,85,61
2019,9PL0,"A Level Politics Papers 01, 02 & 3B",252,191,167,142,117,92,68
2019,9PS0,"A Level Psychology",270,167,146,124,102,81,60
2019,9RS0,"A Level Religious Studies Papers 01, 02 & 03",240,218,197,167,137,107,77
2019,9RS0,"A Level Religious Studies Papers 01, 02 & 4A",240,215,194,164,134,104,74
2019,9RS0,"A Level Religious Studies Papers 01, 02 & 4B",240,212,191,161,131,102,73
2019,9RS0,"A Level Religious Studies Papers 01, 02 & 4C",240,214,193,164,136,108,80
2019,9RS0,"A Level Religious Studies Papers 01, 02 & 4D",240,217,196,165,134,103,73
2019,9RS0,"A Level Religious Studies Papers 01, 02 & 4E",240,217,196,166,136,107,78
2019,9RS0,"A Level Religious Studies Papers 01, 02 & 4F",240,219,198,168,138,108,78
2019,9RS0,"A Level Religious Studies Papers 01, 03 & 4C",240,216,195,166,137,109,81
2019,9RS0,"A Level Religious Studies Papers 01, 03 & 4D",240,219,198,167,136,105,74
2019,9RS0,"A Level Religious Studies Papers 01, 03 & 4E",240,219,198,168,138,108,79
2019,9RS0,"A Level Religious Studies Papers 02, 03 & 4A",240,220,199,168,137,107,77
2019,9RS0,"A Level Religious Studies Papers 02, 03 & 4D",240,222,201,169,138,107,76
2019,9RU0,"A Level Russian",400,340,261,222,183,144,106
2019,9SP0,"A Level Spanish Papers 01, 02 & 03",400,331,292,244,196,148,100
2019,9ST0,"A Level Statistics",240,206,181,151,121,91,62
2020,9AA0,"A Level Arabic",370,278,225,195,166,137,108
2020,9AD0,"A Level Art, Craft And Design",72,55,47,37,27,18,9
2020,9FA0,"A Level Art and Design (Fine Art)",72,55,47,37,27,18,9
2020,9PY0,"A Level Art and Design (Photography)",72,55,47,37,27,18,9
2020,9TE0,"A Level Art and Design (Textile Design)",72,55,47,37,27,18,9
2020,9BN0,"A Level Biology A (Salters Nuffield) 01 02 03",300,193,163,136,109,82,55
2020,9BI0,"A Level Biology B 01 02 03",300,187,153,125,98,71,44
2020,9BS0,"A Level Business",335,238,215,181,147,113,79
2020,9CH0,"A Level Chemistry 01 02 03",300,227,178,141,104,68,32
2020,9CN0,"A Level Chinese",280,210,170,148,126,104,82
2020,9DT0,"A Level Design and Technology",120,74,63,51,40,29,18
2020,9DR0,"A Level Drama and Theatre",120,87,71,55,39,23,8
2020,9EC0,"A Level Economics A",335,256,227,189,151,113,75
2020,9EB0,"A Level Economics B",335,208,182,148,114,80,46
2020,9EN0,"A Level English Language",200,124,106,89,72,55,39
2020,9EL0,"A Level English Language & Literature",240,180,156,132,108,84,60
2020,9ET0,"A Level English Literature",240,167,144,119,95,71,47
2020,9FR0,"A Level French",280,200,154,124,94,64,35
2020,9FM0,"A Level Further Mathematics 01 02 3A 4A",300,223,173,136,99,62,26
2020,9FM0,"A Level Further Mathematics 01 02 3A 3B",300,220,176,138,101,64,27
2020,9FM0,"A Level Further Mathematics 01 02 3A 3C",300,219,177,140,103,66,29
2020,9FM0,"A Level Further Mathematics 01 02 3A 3D",300,215,172,136,100,64,28
2020,9FM0,"A Level Further Mathematics 01 02 3B 3C",300,218,176,139,102,65,28
2020,9FM0,"A Level Further Mathematics 01 02 3B 3D",300,214,171,135,99,63,27
2020,9FM0,"A Level Further Mathematics 01 02 3B 4B",300,225,176,138,101,64,27
2020,9FM0,"A Level Further Mathematics 01 02 3C 3D",300,213,172,136,100,64,29
2020,9FM0,"A Level Further Mathematics 01 02 3C 4C",300,219,179,141,104,67,30
2020,9FM0,"A Level Further Mathematics 01 02 3D 4D",300,208,167,131,95,60,25
2020,9GE0,"A Level Geography",280,195,173,141,110,79,48
2020,9GN0,"A Level German",280,216,157,128,99,70,41
2020,9GK0,"A Level Greek",370,278,225,195,166,137,108
2020,9HI0,"A Level History 1A 2A 30",160,126,113,92,72,52,32
2020,9HI0,"A Level History 1A 2A 31",160,125,112,92,72,52,33
2020,9HI0,"A Level History 1A 2A 33",160,126,112,92,73,54,35
2020,9HI0,"A Level History 1A 2A 37",160,127,114,93,72,52,32
2020,9HI0,"A Level History 1A 2A 39",160,124,111,91,71,51,32
2020,9HI0,"A Level History 1B 2B 30",160,124,111,91,72,53,34
2020,9HI0,"A Level History 1B 2B 37",160,125,112,92,72,53,34
2020,9HI0,"A Level History 1B 2B 38",160,122,109,90,71,52,34
2020,9HI0,"A Level History 1B 2B 39",160,122,109,90,71,52,34
2020,9HI0,"A Level History 1C 2C 33",160,125,110,91,73,55,37
2020,9HI0,"A Level History 1C 2C 36",160,125,111,92,73,54,35
2020,9HI0,"A Level History 1C 2C 37",160,126,112,92,72,53,34
2020,9HI0,"A Level History 1C 2C 39",160,123,109,90,71,52,34
2020,9HI0,"A Level History 1D 2D 37",160,129,114,94,74,54,34
2020,9HI0,"A Level History 1D 2D 38",160,126,111,91,72,53,34
2020,9HI0,"A Level History 1E 2E 30",160,126,112,93,74,55,37
2020,9HI0,"A Level History 1E 2E 31",160,125,111,92,74,56,38
2020,9HI0,"A Level History 1E 2E 34",160,125,112,93,75,57,39
2020,9HI0,"A Level History 1E 2E 35",160,126,112,94,76,58,40
2020,9HI0,"A Level History 1E 2E 36",160,126,112,93,74,56,38
2020,9HI0,"A Level History 1F 2F 31",160,124,110,92,74,56,39
2020,9HI0,"A Level History 1F 2F 34",160,124,111,93,75,57,40
2020,9HI0,"A Level History 1F 2F 35",160,125,111,93,75,58,41
2020,9HI0,"A Level History 1F 2F 36",160,125,111,93,75,57,39
2020,9HI0,"A Level History 1G 2G 30",160,126,112,94,76,58,40
2020,9HI0,"A Level History 1G 2G 31",160,125,111,93,75,58,41
2020,9HI0,"A Level History 1G 2G 34",160,125,112,94,76,59,42
2020,9HI0,"A Level History 1G 2G 35",160,126,112,94,77,60,43
2020,9HI0,"A Level History 1G 2G 36",160,126,112,94,76,58,41
2020,9HI0,"A Level History 1H 2H 30",160,124,110,91,72,53,35
2020,9HI0,"A Level History 1H 2H 31",160,123,109,90,72,54,36
2020,9HI0,"A Level History 1H 2H 33",160,124,109,91,73,55,38
2020,9HI0,"A Level History 1H 2H 34",160,123,110,91,73,55,37
2020,9HI0,"A Level History 1H 2H 35",160,124,110,92,74,56,38
2020,9HI0,"A Level History 1H 2H 36",160,124,110,91,72,54,36
2020,9HT0,"A Level History of Art",220,149,123,99,75,52,29
2020,9IN0,"A Level Italian",280,231,197,171,146,121,96
2020,9JA0,"A Level Japanese",370,278,225,195,166,137,108
2020,9MA0,"A Level Mathematics",300,214,162,130,99,68,37
2020,9MU0,"A Level Music",100,57,44,35,27,19,11
2020,9MT0,"A Level Music Technology 03 04",180,137,118,98,78,58,38
2020,9MT0,"A Level Music Technology",180,137,118,98,78,58,38
2020,9PN0,"A Level Persian",370,278,225,195,166,137,108
2020,9PG0,"A Level Portuguese",370,278,225,195,166,137,108
2020,9PE0,"A Level Physical Education 01 02",252,132,114,94,75,56,37
2020,9PH0,"A Level Physics 01 02 03",300,192,158,133,109,85,61
2020,9PL0,"A Level Politics 01 02 3A",252,171,147,119,91,63,35
2020,9PL0,"A Level Politics 01 02 3B",252,176,152,124,96,69,42
2020,9PS0,"A Level Psychology",270,155,133,108,84,60,36
2020,9RS0,"A Level Religious Studies 01 02 03",240,208,184,151,118,85,53
2020,9RS0,"A Level Religious Studies 01 02 4A",240,205,181,148,115,82,50
2020,9RS0,"A Level Religious Studies 01 02 4B",240,202,178,145,113,81,49
2020,9RS0,"A Level Religious Studies 01 02 4D",240,207,183,149,115,82,49
2020,9RU0,"A Level Russian",280,207,137,109,81,54,27
2020,9SP0,"A Level Spanish",280,211,175,138,101,65,29
2020,9ST0,"A Level Statistics",240,198,163,132,101,70,39
2020,9TU0,"A Level Turkish",370,278,225,195,166,137,108
2020,9UR0,"A Level Urdu",370,278,225,195,166,137,108
2021,9AA0,"A Level Arabic",370,263,188,161,134,108,82
2021,9AD0,"A Level Art, Craft And Design",72,53,45,35,26,17,8
2021,9FA0,"A Level Art and Design (Fine Art)",72,53,45,35,26,17,8
2021,9PY0,"A Level Art and Design (Photography)",72,53,45,35,26,17,8
2021,9TE0,"A Level Art and Design (Textile Design)",72,53,45,35,26,17,8
2021,9BN0,"A Level Biology A (Salters Nuffield) 01 02 03",300,185,155,130,106,82,58
2021,9BI0,"A Level Biology B 01 02 03",300,176,142,116,91,66,41
2021,9BS0,"A Level Business",335,232,210,178,147,116,85
2021,9CH0,"A Level Chemistry 01 02 03",300,226,176,142,108,74,40
2021,9CN0,"A Level Chinese",280,194,156,135,114,94,74
2021,9DT0,"A Level Design and Technology",120,69,59,49,39,30,21
2021,9DR0,"A Level Drama and Theatre",120,81,66,52,38,24,11
2021,9EC0,"A Level Economics A",335,250,221,184,147,111,75
2021,9EB0,"A Level Economics B",335,202,178,145,112,79,46
2021,9EN0,"A Level English Language",200,118,102,87,72,57,42
2021,9EL0,"A Level English Language & Literature",240,170,149,128,107,87,67
2021,9ET0,"A Level English Literature",240,159,138,115,92,69,47
2021,9FR0,"A Level French",280,188,144,116,89,62,35
2021,9FM0,"A Level Further Mathematics 01 02 3A 4A",300,203,163,129,95,61,27
2021,9FM0,"A Level Further Mathematics 01 02 3A 3B",300,205,165,130,95,60,26
2021,9FM0,"A Level Further Mathematics 01 02 3A 3C",300,210,166,131,96,62,28
2021,9FM0,"A Level Further Mathematics 01 02 3A 3D",300,202,162,128,94,60,27
2021,9FM0,"A Level Further Mathematics 01 02 3B 3C",300,209,168,133,98,63,28
2021,9FM0,"A Level Further Mathematics 01 02 3B 3D",300,201,164,129,95,61,27
2021,9FM0,"A Level Further Mathematics 01 02 3B 4B",300,210,170,134,98,62,27
2021,9FM0,"A Level Further Mathematics 01 02 3C 3D",300,206,165,131,97,63,29
2021,9FM0,"A Level Further Mathematics 01 02 3C 4C",300,219,172,136,100,65,30
2021,9FM0,"A Level Further Mathematics 01 02 3D 4D",300,200,160,126,92,58,25
2021,9GE0,"A Level Geography",280,190,168,138,108,78,48
2021,9GN0,"A Level German",280,197,140,114,88,62,37
2021,9HI0,"A Level History 1A 2A 38",160,122,108,89,70,51,33
2021,9HI0,"A Level History 1C 2C 36",160,121,107,90,73,56,40
2021,9HI0,"A Level History 1C 2C 37",160,122,108,90,73,56,39
2021,9HI0,"A Level History 1C 2C 39",160,119,105,88,72,56,40
2021,9HI0,"A Level History 1D 2D 31",160,124,110,92,74,57,40
2021,9HI0,"A Level History 1D 2D 37",160,125,111,92,73,55,37
2021,9HI0,"A Level History 1E 2E 30",160,123,109,92,75,58,41
2021,9HI0,"A Level History 1E 2E 31",160,123,109,92,76,60,44
2021,9HI0,"A Level History 1E 2E 34",160,123,109,92,75,59,43
2021,9HI0,"A Level History 1E 2E 35",160,123,109,92,76,60,44
2021,9HI0,"A Level History 1E 2E 36",160,123,109,92,75,58,42
2021,9HI0,"A Level History 1F 2F 30",160,122,108,91,74,58,42
2021,9HI0,"A Level History 1F 2F 31",160,122,108,92,76,60,45
2021,9HI0,"A Level History 1F 2F 34",160,122,108,92,76,60,44
2021,9HI0,"A Level History 1F 2F 35",160,122,108,92,76,60,45
2021,9HI0,"A Level History 1G 2G 31",160,123,109,93,77,62,47
2021,9HI0,"A Level History 1G 2G 34",160,123,109,93,77,61,46
2021,9HI0,"A Level History 1G 2G 35",160,123,109,93,77,62,47
2021,9HI0,"A Level History 1G 2G 36",160,123,109,93,77,61,45
2021,9HI0,"A Level History 1H 2H 31",160,120,106,89,73,57,41
2021,9HI0,"A Level History 1H 2H 33",160,119,105,89,73,57,41
2021,9HI0,"A Level History 1H 2H 35",160,120,106,89,73,57,41
2021,9HI0,"A Level History 1H 2H 36",160,120,106,89,72,55,39
2021,9HT0,"A Level History of Art",220,143,112,91,70,49,29
2021,9IN0,"A Level Italian",280,225,189,158,127,96,66
2021,9JA0,"A Level Japanese",370,263,188,161,134,108,82
2021,9MA0,"A Level Mathematics",300,207,157,128,99,70,42
2021,9MU0,"A Level Music",100,52,39,32,25,18,12
2021,9PN0,"A Level Persian",370,263,188,161,134,108,82
2021,9PG0,"A Level Portuguese",370,263,188,161,134,108,82
2021,9PE0,"A Level Physical Education",252,124,107,89,71,54,37
2021,9PH0,"A Level Physics 01 02 03",300,186,153,130,107,84,61
2021,9PL0,"A Level Politics 01 02 3A",252,165,141,115,90,65,40
2021,9PL0,"A Level Politics 01 02 3B",252,172,148,122,97,72,47
2021,9PS0,"A Level Psychology",270,148,127,105,83,62,41
2021,9RS0,"A Level Religious Studies 01 02 03",240,203,177,147,117,87,57
2021,9RS0,"A Level Religious Studies 01 02 4B",240,197,171,141,111,82,53
2021,9RS0,"A Level Religious Studies 01 02 4D",240,202,176,145,114,83,53
2021,9RS0,"A Level Religious Studies 02 03 4D",240,207,181,149,118,87,56
2021,9RU0,"A Level Russian",280,185,124,99,75,51,27
2021,9SP0,"A Level Spanish",280,200,163,129,95,62,29
2021,9ST0,"A Level Statistics",240,182,154,127,100,73,47
2021,9TU0,"A Level Turkish",370,263,188,161,134,108,82
2021,9UR0,"A Level Urdu",370,263,188,161,134,108,82
2022,9AA0,"A Level Arabic 01 02 03",370,258,200,170,140,111,82
2022,9AD0,"A Level Art, Craft And Design 1A 1B",150,118,105,84,63,42,22
2022,9FA0,"A Level Art and Design (Fine Art) 1A 1B",150,118,105,84,63,42,22
2022,9GC0,"A Level Art and Design (Graphic Communication) 1A 1B",150,118,105,84,63,42,22
2022,9PY0,"A Level Art and Design (Photography) 1A 1B",150,119,107,86,65,44,24
2022,9TD0,"A Level Art and Design (3D Design) 1A 1B",150,118,105,84,63,42,22
2022,9TE0,"A Level Art and Design (Textile Design) 1A 1B",150,118,105,84,63,42,22
2022,9BN0,"A Level Biology A (Salters Nuffield) 01 02 03",300,186,155,128,101,75,49
2022,9BI0,"A Level Biology B 01 02 03",300,184,147,121,95,69,43
2022,9BS0,"A Level Business 01 02 03",335,239,218,184,151,118,85
2022,9CH0,"A Level Chemistry 01 02 03",300,235,192,155,119,83,47
2022,9CN0,"A Level Chinese 01 02 03",400,304,277,229,182,135,88
2022,9DT0,"A Level Design and Technology 01 02",240,181,158,132,106,80,54
2022,9DR0,"A Level Drama and Theatre 01 03 2A",200,158,140,119,98,78,58
2022,9DR0,"A Level Drama and Theatre 01 03 2B",200,158,143,122,101,80,59
2022,9DR0,"A Level Drama and Theatre 01T 02T 03",200,163,142,121,100,79,59
2022,9EC0,"A Level Economics A 01 02 03",335,262,235,199,163,127,92
2022,9EB0,"A Level Economics B 01 02 03",335,197,171,143,115,87,60
2022,9EN0,"A Level English Language 01 02 03 04",250,171,151,127,103,79,56
2022,9EL0,"A Level English Language & Literature 01 02 03",300,225,202,166,130,94,59
2022,9EL0,"A Level English Language & Literature 01 02 03T",300,225,202,166,130,94,59
2022,9ET0,"A Level English Literature 01 02 03 04",300,225,201,169,137,105,74
2022,9ET0,"A Level English Literature 01 02 03 04T",300,225,201,169,137,105,74
2022,9FR0,"A Level French 01 02 03",400,314,264,215,166,118,70
2022,9FM0,"A Level Further Mathematics 01 02 3A 4A",300,250,209,169,129,89,49
2022,9FM0,"A Level Further Mathematics 01 02 3A 3B",300,247,206,166,126,86,47
2022,9FM0,"A Level Further Mathematics 01 02 3A 3C",300,247,203,163,124,85,46
2022,9FM0,"A Level Further Mathematics 01 02 3A 3D",300,242,201,163,125,87,50
2022,9FM0,"A Level Further Mathematics 01 02 3B 3C",300,243,200,161,122,83,45
2022,9FM0,"A Level Further Mathematics 01 02 3B 3D",300,238,198,160,123,86,49
2022,9FM0,"A Level Further Mathematics 01 02 3B 4B",300,242,201,162,123,85,47
2022,9FM0,"A Level Further Mathematics 01 02 3C 3D",300,232,195,158,121,84,48
2022,9FM0,"A Level Further Mathematics 01 02 3C 4C",300,238,197,159,121,83,45
2022,9FM0,"A Level Further Mathematics 01 02 3D 4D",300,233,192,156,120,84,48
2022,9GE0,"A Level Geography 01 02 03 04",350,259,233,198,163,129,95
2022,9GE0,"A Level Geography 01 02 03 04T",350,259,233,198,163,129,95
2022,9GN0,"A Level German 01 02 03",400,317,268,219,171,123,75
2022,9GK0,"A Level Greek 01 02 03",370,240,208,176,144,113,82
2022,9GU0,"A Level Gujarati 01 02 03",370,230,200,170,140,111,82
2022,9HI0,"A Level History 04 1A 2A 30",200,166,151,127,103,79,55
2022,9HI0,"A Level History 04 1A 2A 31",200,165,150,126,102,78,55
2022,9HI0,"A Level History 04 1A 2A 32",200,166,151,127,103,79,55
2022,9HI0,"A Level History 04 1A 2A 33",200,164,149,125,101,77,53
2022,9HI0,"A Level History 04 1A 2A 35",200,165,150,126,102,78,54
2022,9HI0,"A Level History 04 1A 2A 36",200,166,151,126,102,78,54
2022,9HI0,"A Level History 04 1A 2A 38",200,165,150,126,102,78,55
2022,9HI0,"A Level History 04 1A 2A 39",200,166,151,126,102,78,54
2022,9HI0,"A Level History 04 1B 2B 30",200,166,151,127,103,79,55
2022,9HI0,"A Level History 04 1B 2B 33",200,164,149,125,101,77,53
2022,9HI0,"A Level History 04 1B 2B 35",200,165,150,126,102,78,54
2022,9HI0,"A Level History 04 1B 2B 36",200,166,151,126,102,78,54
2022,9HI0,"A Level History 04 1B 2B 37",200,166,151,127,103,79,55
2022,9HI0,"A Level History 04 1B 2B 38",200,165,150,126,102,78,55
2022,9HI0,"A Level History 04 1B 2B 39",200,166,151,126,102,78,54
2022,9HI0,"A Level History 04 1C 2C 30",200,166,151,126,101,76,51
2022,9HI0,"A Level History 04 1C 2C 31",200,165,150,125,100,75,51
2022,9HI0,"A Level History 04 1C 2C 33",200,164,149,124,99,74,49
2022,9HI0,"A Level History 04 1C 2C 34",200,166,151,126,101,76,51
2022,9HI0,"A Level History 04 1C 2C 35",200,165,150,125,100,75,50
2022,9HI0,"A Level History 04 1C 2C 36",200,166,151,125,100,75,50
2022,9HI0,"A Level History 04 1C 2C 37",200,166,151,126,101,76,51
2022,9HI0,"A Level History 04 1C 2C 39",200,164,151,125,100,75,50
2022,9HI0,"A Level History 04 1D 2D 30",200,167,152,127,103,79,55
2022,9HI0,"A Level History 04 1D 2D 31",200,166,151,127,103,79,55
2022,9HI0,"A Level History 04 1D 2D 33",200,165,150,125,101,77,53
2022,9HI0,"A Level History 04 1D 2D 37",200,167,152,127,103,79,55
2022,9HI0,"A Level History 04 1D 2D 38",200,166,151,127,103,79,55
2022,9HI0,"A Level History 04 1D 2D 39",200,167,152,127,102,78,54
2022,9HI0,"A Level History 04 1E 2E 30",200,167,152,127,102,78,54
2022,9HI0,"A Level History 04 1E 2E 31",200,166,151,126,102,78,54
2022,9HI0,"A Level History 04 1E 2E 34",200,167,152,127,102,78,54
2022,9HI0,"A Level History 04 1E 2E 35",200,168,151,126,101,77,53
2022,9HI0,"A Level History 04 1E 2E 36",200,167,152,127,102,77,53
2022,9HI0,"A Level History 04 1F 2F 30",200,166,151,126,101,76,51
2022,9HI0,"A Level History 04 1F 2F 31",200,165,150,125,100,75,51
2022,9HI0,"A Level History 04 1F 2F 34",200,166,151,126,101,76,51
2022,9HI0,"A Level History 04 1F 2F 35",200,166,150,125,100,75,50
2022,9HI0,"A Level History 04 1F 2F 36",200,166,151,125,100,75,50
2022,9HI0,"A Level History 04 1G 2G 30",200,166,151,126,101,76,52
2022,9HI0,"A Level History 04 1G 2G 31",200,165,150,125,100,76,52
2022,9HI0,"A Level History 04 1G 2G 34",200,166,151,126,101,76,52
2022,9HI0,"A Level History 04 1G 2G 35",200,165,150,125,100,75,51
2022,9HI0,"A Level History 04 1G 2G 36",200,166,151,126,101,76,51
2022,9HI0,"A Level History 04 1H 2H 30",200,165,150,125,101,77,53
2022,9HI0,"A Level History 04 1H 2H 31",200,164,149,125,101,77,53
2022,9HI0,"A Level History 04 1H 2H 33",200,162,148,123,99,75,51
2022,9HI0,"A Level History 04 1H 2H 34",200,165,150,125,101,77,53
2022,9HI0,"A Level History 04 1H 2H 35",200,164,149,124,100,76,52
2022,9HI0,"A Level History 04 1H 2H 36",200,165,150,125,100,76,52
2022,9HI0,"A Level History 04T 1C 2C 37",200,166,151,126,101,76,51
2022,9HI0,"A Level History 04T 1C 2C 39",200,166,151,125,100,75,50
2022,9HI0,"A Level History 04T 1F 2F 35",200,165,150,125,100,75,50
2022,9HI0,"A Level History 04T 1G 2G 36",200,166,151,126,101,76,51
2022,9HT0,"A Level History of Art 01 02",220,142,119,96,73,51,29
2022,9IN0,"A Level Italian 01 02 03",400,321,278,228,178,128,79
2022,9JA0,"A Level Japanese 01 02 03",370,290,246,202,158,114,71
2022,9MA0,"A Level Mathematics 01 02 03",300,217,164,130,96,62,28
2022,9MU0,"A Level Music 01 02 03",250,188,165,142,119,97,75
2022,9MT0,"A Level Music Technology 01 02 03 04",300,233,208,181,155,129,103
2022,9PN0,"A Level Persian 01 02 03",370,280,243,206,170,134,98
2022,9PG0,"A Level Portuguese 01 02 03",370,285,251,217,183,149,115
2022,9PE0,"A Level Physical Education 01 02 03 04",360,237,220,191,162,133,105
2022,9PE0,"A Level Physical Education 01 02 03T 04",360,237,220,191,162,133,105
2022,9PH0,"A Level Physics 01 02 03",300,209,174,143,112,82,52
2022,9PL0,"A Level Politics 01 02 3A",252,172,150,123,96,70,44
2022,9PL0,"A Level Politics 01 02 3B",252,176,152,125,98,71,44
2022,9PS0,"A Level Psychology 01 02 03",270,142,119,97,75,53,31
2022,9RS0,"A Level Religious Studies 01 02 03",240,207,184,151,118,85,52
2022,9RS0,"A Level Religious Studies 01 02 4A",240,202,179,145,111,77,44
2022,9RS0,"A Level Religious Studies 01 02 4B",240,205,182,147,113,79,45
2022,9RS0,"A Level Religious Studies 01 02 4C",240,201,178,144,110,77,44
2022,9RS0,"A Level Religious Studies 01 02 4D",240,208,185,150,115,81,47
2022,9RS0,"A Level Religious Studies 01 02 4E",240,206,183,148,113,78,44
2022,9RS0,"A Level Religious Studies 01 02 4F",240,206,183,148,113,78,44
2022,9RS0,"A Level Religious Studies 02 03 4A",240,207,184,149,114,79,45
2022,9RS0,"A Level Religious Studies 02 03 4D",240,213,190,154,118,83,48
2022,9RU0,"A Level Russian 01 02 03",400,318,249,197,145,94,43
2022,9SP0,"A Level Spanish 01 02 03",400,306,261,212,163,115,67
2022,9ST0,"A Level Statistics 01 02 03",240,186,164,133,102,71,40
2022,9TU0,"A Level Turkish 01 02 03",370,328,287,236,186,136,86
2022,9UR0,"A Level Urdu 01 02 03",370,327,285,230,175,120,65
2023,9AA0,"A Level Arabic 01 02 03",370,258,226,194,162,130,98
2023,9AD0,"A Level Art, Craft And Design 01 02",180,141,128,103,78,54,30
2023,9FA0,"A Level Art and Design (Fine Art) 01 02",180,141,128,103,78,54,30
2023,9FA0,"A Level Art and Design (Fine Art) 01T 02",180,141,128,103,78,54,30
2023,9GC0,"A Level Art and Design (Graphic Communication) 01 02",180,141,128,103,78,54,30
2023,9GC0,"A Level Art and Design (Graphic Communication) 01T 02",180,141,128,103,78,54,30
2023,9PY0,"A Level Art and Design (Photography) 01 02",180,142,129,105,81,57,34
2023,9TD0,"A Level Art and Design (3D Design) 01 02",180,141,128,103,78,54,30
2023,9TE0,"A Level Art and Design (Textile Design) 01 02",180,141,128,103,78,54,30
2023,9BN0,"A Level Biology A (Salters Nuffield) 01 02 03",300,222,192,162,132,102,72
2023,9BI0,"A Level Biology B 01 02 03",300,213,177,148,119,91,63
2023,9BS0,"A Level Business 01 02 03",335,236,216,184,152,120,88
2023,9CH0,"A Level Chemistry 01 02 03",300,241,195,158,121,85,49
2023,9CN0,"A Level Chinese 01 02 03",400,337,297,253,210,167,124
2023,9DT0,"A Level Design and Technology 01 02",240,178,160,137,114,91,69
2023,9DT0,"A Level Design and Technology 01 02T",240,178,160,137,114,91,69
2023,9DR0,"A Level Drama and Theatre 01 02 03",300,253,232,198,165,132,99
2023,9DR0,"A Level Drama and Theatre 01T 02T 03",300,253,232,198,165,132,99
2023,9EC0,"A Level Economics A 01 02 03",335,273,245,211,177,143,110
2023,9EB0,"A Level Economics B 01 02 03",335,219,189,161,134,107,80
2023,9EN0,"A Level English Language 01 02 03 04",250,177,159,133,107,81,56
2023,9EN0,"A Level English Language 01 02 03 04T",250,177,159,133,107,81,56
2023,9EL0,"A Level English Language & Literature 01 02 03",300,247,223,183,143,103,64
2023,9EL0,"A Level English Language & Literature 01 02 03T",300,247,223,183,143,103,64
2023,9ET0,"A Level English Literature 01 02 03 04",300,232,211,179,147,116,85
2023,9ET0,"A Level English Literature 01 02 03 04T",300,232,211,179,147,116,85
2023,9FR0,"A Level French 01 02 03",400,339,297,247,197,147,97
2023,9FM0,"A Level Further Mathematics 01 02 3A 4A",300,235,199,165,132,99,66
2023,9FM0,"A Level Further Mathematics 01 02 3A 3B",300,237,201,168,135,102,70
2023,9FM0,"A Level Further Mathematics 01 02 3A 3C",300,233,197,164,132,100,68
2023,9FM0,"A Level Further Mathematics 01 02 3A 3D",300,231,195,163,131,99,67
2023,9FM0,"A Level Further Mathematics 01 02 3B 3C",300,224,189,158,127,97,67
2023,9FM0,"A Level Further Mathematics 01 02 3B 3D",300,224,187,156,126,96,66
2023,9FM0,"A Level Further Mathematics 01 02 3B 4B",300,230,194,162,130,98,66
2023,9FM0,"A Level Further Mathematics 01 02 3C 3D",300,220,183,153,123,93,64
2023,9FM0,"A Level Further Mathematics 01 02 3C 4C",300,229,193,161,130,99,68
2023,9FM0,"A Level Further Mathematics 01 02 3D 4D",300,224,188,156,124,92,61
2023,9GE0,"A Level Geography 01 02 03 04",350,270,243,211,179,147,115
2023,9GE0,"A Level Geography 01 02 03 04T",350,270,243,211,179,147,115
2023,9GN0,"A Level German 01 02 03",400,334,285,236,187,139,91
2023,9GK0,"A Level Greek 01 02 03",370,313,274,235,196,158,120
2023,9GU0,"A Level Gujarati 01 02 03",370,258,226,194,162,130,98
2023,9HI0,"A Level History 04 1A 2A 30",200,174,157,132,108,84,60
2023,9HI0,"A Level History 04 1A 2A 31",200,174,157,133,109,85,62
2023,9HI0,"A Level History 04 1A 2A 32",200,173,156,132,108,84,60
2023,9HI0,"A Level History 04 1A 2A 33",200,174,157,133,109,85,62
2023,9HI0,"A Level History 04 1A 2A 35",200,175,158,134,110,86,62
2023,9HI0,"A Level History 04 1A 2A 36",200,174,157,133,109,85,61
2023,9HI0,"A Level History 04 1A 2A 38",200,172,155,131,107,83,60
2023,9HI0,"A Level History 04 1A 2A 39",200,174,157,132,108,84,60
2023,9HI0,"A Level History 04 1B 2B 30",200,171,154,131,108,85,62
2023,9HI0,"A Level History 04 1B 2B 33",200,171,154,131,108,86,64
2023,9HI0,"A Level History 04 1B 2B 34",200,172,155,132,109,86,64
2023,9HI0,"A Level History 04 1B 2B 35",200,172,155,132,109,86,64
2023,9HI0,"A Level History 04 1B 2B 36",200,171,154,131,108,85,63
2023,9HI0,"A Level History 04 1B 2B 37",200,172,155,131,108,85,62
2023,9HI0,"A Level History 04 1B 2B 38",200,169,152,129,106,84,62
2023,9HI0,"A Level History 04 1B 2B 39",200,171,154,131,108,85,62
2023,9HI0,"A Level History 04 1C 2C 30",200,172,155,131,108,85,62
2023,9HI0,"A Level History 04 1C 2C 31",200,172,155,132,109,86,64
2023,9HI0,"A Level History 04 1C 2C 33",200,172,155,132,109,86,64
2023,9HI0,"A Level History 04 1C 2C 34",200,173,156,133,110,87,64
2023,9HI0,"A Level History 04 1C 2C 35",200,173,156,133,110,87,64
2023,9HI0,"A Level History 04 1C 2C 36",200,172,155,132,109,86,63
2023,9HI0,"A Level History 04 1C 2C 37",200,173,156,132,108,85,62
2023,9HI0,"A Level History 04 1C 2C 39",200,172,155,131,108,85,62
2023,9HI0,"A Level History 04 1D 2D 33",200,173,156,133,110,87,64
2023,9HI0,"A Level History 04 1D 2D 37",200,174,157,133,109,85,62
2023,9HI0,"A Level History 04 1D 2D 38",200,171,154,131,108,85,62
2023,9HI0,"A Level History 04 1D 2D 39",200,173,156,132,108,85,62
2023,9HI0,"A Level History 04 1E 2E 30",200,173,156,133,110,87,65
2023,9HI0,"A Level History 04 1E 2E 31",200,173,156,133,111,89,67
2023,9HI0,"A Level History 04 1E 2E 34",200,174,157,134,111,89,67
2023,9HI0,"A Level History 04 1E 2E 35",200,173,157,134,111,89,67
2023,9HI0,"A Level History 04 1E 2E 36",200,174,156,133,110,88,66
2023,9HI0,"A Level History 04 1F 2F 30",200,173,156,133,110,88,66
2023,9HI0,"A Level History 04 1F 2F 31",200,173,156,134,112,90,68
2023,9HI0,"A Level History 04 1F 2F 34",200,174,157,134,112,90,68
2023,9HI0,"A Level History 04 1F 2F 35",200,172,157,134,112,90,68
2023,9HI0,"A Level History 04 1F 2F 36",200,173,156,133,111,89,67
2023,9HI0,"A Level History 04 1G 2G 30",200,172,155,132,110,88,66
2023,9HI0,"A Level History 04 1G 2G 31",200,172,155,133,111,89,68
2023,9HI0,"A Level History 04 1G 2G 34",200,173,156,134,112,90,68
2023,9HI0,"A Level History 04 1G 2G 35",200,171,156,134,112,90,68
2023,9HI0,"A Level History 04 1G 2G 36",200,172,155,133,111,89,67
2023,9HI0,"A Level History 04 1H 2H 30",200,170,153,130,107,85,63
2023,9HI0,"A Level History 04 1H 2H 31",200,170,153,131,109,87,65
2023,9HI0,"A Level History 04 1H 2H 32",200,169,152,129,107,85,63
2023,9HI0,"A Level History 04 1H 2H 33",200,172,153,131,109,87,65
2023,9HI0,"A Level History 04 1H 2H 34",200,171,154,131,109,87,65
2023,9HI0,"A Level History 04 1H 2H 35",200,171,154,131,109,87,65
2023,9HI0,"A Level History 04 1H 2H 36",200,170,153,130,108,86,64
2023,9HI0,"A Level History 04T 1A 2A 32",200,173,156,132,108,84,60
2023,9HI0,"A Level History 04T 1A 2A 33",200,174,157,133,109,85,62
2023,9HI0,"A Level History 04T 1A 2A 39",200,174,157,132,108,84,60
2023,9HI0,"A Level History 04T 1B 2B 33",200,171,154,131,108,86,64
2023,9HI0,"A Level History 04T 1C 2C 33",200,172,155,132,109,86,64
2023,9HI0,"A Level History 04T 1C 2C 35",200,173,156,133,110,87,64
2023,9HI0,"A Level History 04T 1C 2C 37",200,173,156,132,108,85,62
2023,9HI0,"A Level History 04T 1C 2C 39",200,172,155,131,108,85,62
2023,9HI0,"A Level History 04T 1E 2E 30",200,173,156,133,110,87,65
2023,9HI0,"A Level History 04T 1E 2E 31",200,173,156,133,111,89,67
2023,9HI0,"A Level History 04T 1E 2E 35",200,173,157,134,111,89,67
2023,9HI0,"A Level History 04T 1E 2E 36",200,174,156,133,110,88,66
2023,9HI0,"A Level History 04T 1F 2F 34",200,174,157,134,112,90,68
2023,9HI0,"A Level History 04T 1F 2F 35",200,172,157,134,112,90,68
2023,9HI0,"A Level History 04T 1F 2F 36",200,173,156,133,111,89,67
2023,9HI0,"A Level History 04T 1G 2G 30",200,172,155,132,110,88,66
2023,9HI0,"A Level History 04T 1G 2G 31",200,172,155,133,111,89,68
2023,9HI0,"A Level History 04T 1G 2G 35",200,171,156,134,112,90,68
2023,9HI0,"A Level History 04T 1G 2G 36",200,172,155,133,111,89,67
2023,9HI0,"A Level History 04T 1H 2H 33",200,172,153,131,109,87,65
2023,9HI0,"A Level History 04T 1H 2H 34",200,171,154,131,109,87,65
2023,9HI0,"A Level History 04T 1H 2H 35",200,171,154,131,109,87,65
2023,9HT0,"A Level History of Art 01 02",220,157,132,106,80,54,28
2023,9IN0,"A Level Italian 01 02 03",400,326,284,240,196,152,108
2023,9JA0,"A Level Japanese 01 02 03",370,292,253,214,175,137,99
2023,9MA0,"A Level Mathematics 01 02 03",300,244,196,158,121,84,47
2023,9MU0,"A Level Music 01 02 03",250,203,183,159,135,111,88
2023,9MT0,"A Level Music Technology 01 02 03 04",300,240,218,189,161,133,105
2023,9PN0,"A Level Persian 01 02 03",370,326,285,241,197,154,111
2023,9PG0,"A Level Portuguese 01 02 03",370,308,269,230,191,153,115
2023,9PE0,"A Level Physical Education 01 02 03 04",360,258,229,200,172,144,116
2023,9PE0,"A Level Physical Education 01 02 03T 04",360,258,229,200,172,144,116
2023,9PE0,"A Level Physical Education 01 02 03T 04T",360,258,229,200,172,144,116
2023,9PH0,"A Level Physics 01 02 03",300,223,190,158,126,94,62
2023,9PL0,"A Level Politics 01 02 3A",252,181,159,134,109,85,61
2023,9PL0,"A Level Politics 01 02 3B",252,179,158,133,108,84,60
2023,9PS0,"A Level Psychology 01 02 03",270,159,138,114,91,68,45
2023,9RS0,"A Level Religious Studies 01 02 03",240,213,196,165,135,105,75
2023,9RS0,"A Level Religious Studies 01 02 4A",240,211,194,164,134,104,74
2023,9RS0,"A Level Religious Studies 01 02 4B",240,215,198,166,135,104,73
2023,9RS0,"A Level Religious Studies 01 02 4C",240,213,196,165,135,105,75
2023,9RS0,"A Level Religious Studies 01 02 4D",240,218,201,170,139,108,77
2023,9RS0,"A Level Religious Studies 01 02 4E",240,216,199,169,139,109,79
2023,9RS0,"A Level Religious Studies 01 02 4F",240,216,199,168,137,107,77
2023,9RS0,"A Level Religious Studies 02 03 4A",240,208,191,161,131,101,72
2023,9RS0,"A Level Religious Studies 02 03 4D",240,215,198,167,136,105,75
2023,9RU0,"A Level Russian 01 02 03",400,352,263,224,185,146,107
2023,9SP0,"A Level Spanish 01 02 03",400,341,300,249,199,149,99
2023,9ST0,"A Level Statistics 01 02 03",240,210,181,150,119,89,59
2023,9TU0,"A Level Turkish 01 02 03",370,339,309,259,209,159,110
2023,9UR0,"A Level Urdu 01 02 03",370,333,296,244,192,140,89
2024,9AA0,"A Level Arabic 01 02 03",370,269,237,205,173,141,109
2024,9AD0,"A Level Art, Craft And Design 01 02",180,141,128,103,78,54,30
2024,9AD0,"A Level Art, Craft And Design 01T 02",180,141,128,103,78,54,30
2024,9FA0,"A Level Art and Design (Fine Art) 01 02",180,141,128,103,78,54,30
2024,9FA0,"A Level Art and Design (Fine Art) 01T 02",180,141,128,103,78,54,30
2024,9GC0,"A Level Art and Design (Graphic Communication) 01 02",180,141,128,103,78,54,30
2024,9PY0,"A Level Art and Design (Photography) 01 02",180,144,131,106,82,58,34
2024,9TD0,"A Level Art and Design (3D Design) 01 02",180,141,128,103,78,54,30
2024,9TE0,"A Level Art and Design (Textile Design) 01 02",180,141,128,103,78,54,30
2024,9BN0,"A Level Biology A (Salters Nuffield) 01 02 03",300,199,171,144,117,91,65
2024,9BI0,"A Level Biology B 01 02 03",300,205,170,144,119,94,69
2024,9BS0,"A Level Business 01 02 03",335,237,216,186,156,126,97
2024,9CH0,"A Level Chemistry 01 02 03",300,252,216,177,138,99,61
2024,9CN0,"A Level Chinese 01 02 03",400,330,300,256,212,169,126
2024,9DT0,"A Level Design and Technology 01 02",240,182,166,143,120,97,74
2024,9DT0,"A Level Design and Technology 01 02T",240,182,166,143,120,97,74
2024,9DR0,"A Level Drama and Theatre 01 02 03",300,258,237,202,168,134,100
2024,9DR0,"A Level Drama and Theatre 01T 02 03",300,258,237,202,168,134,100
2024,9DR0,"A Level Drama and Theatre 01 02T 03",300,258,237,202,168,134,100
2024,9DR0,"A Level Drama and Theatre 01T 02T 03",300,258,237,202,168,134,100
2024,9EC0,"A Level Economics A 01 02 03",335,278,251,216,181,146,112
2024,9EB0,"A Level Economics B 01 02 03",335,221,192,164,136,108,81
2024,9EN0,"A Level English Language 01 02 03 04",250,175,155,132,109,86,64
2024,9EN0,"A Level English Language 01 02 03 04T",250,175,155,132,109,86,64
2024,9EL0,"A Level English Language & Literature 01 02 03",300,242,217,184,152,120,88
2024,9EL0,"A Level English Language & Literature 01 02 03T",300,242,217,184,152,120,88
2024,9ET0,"A Level English Literature 01 02 03 04",300,232,212,181,150,120,90
2024,9ET0,"A Level English Literature 01 02 03 04T",300,232,212,181,150,120,90
2024,9FR0,"A Level French 01 02 03",400,334,291,249,207,166,125
2024,9FM0,"A Level Further Mathematics 01 02 3A 4A",300,269,240,199,159,119,79
2024,9FM0,"A Level Further Mathematics 01 02 3A 3B",300,263,234,196,158,120,83
2024,9FM0,"A Level Further Mathematics 01 02 3A 3C",300,270,246,206,166,126,86
2024,9FM0,"A Level Further Mathematics 01 02 3A 3D",300,260,226,188,150,112,74
2024,9FM0,"A Level Further Mathematics 01 02 3B 3C",300,256,226,192,158,124,91
2024,9FM0,"A Level Further Mathematics 01 02 3B 3D",300,235,206,174,142,110,79
2024,9FM0,"A Level Further Mathematics 01 02 3B 4B",300,241,212,180,148,116,84
2024,9FM0,"A Level Further Mathematics 01 02 3C 3D",300,249,218,184,150,116,82
2024,9FM0,"A Level Further Mathematics 01 02 3C 4C",300,254,225,191,157,123,89
2024,9FM0,"A Level Further Mathematics 01 02 3D 4D",300,243,214,179,144,110,76
2024,9GE0,"A Level Geography 01 02 03 04",350,267,240,209,178,147,116
2024,9GE0,"A Level Geography 01 02 03 04T",350,267,240,209,178,147,116
2024,9GN0,"A Level German 01 02 03",400,333,284,235,186,138,90
2024,9GK0,"A Level Greek 01 02 03",370,315,276,237,198,159,120
2024,9GU0,"A Level Gujarati 01 02 03",370,258,226,194,162,130,98
2024,9HI0,"A Level History 04 1A 2A 30",200,175,160,136,112,89,66
2024,9HI0,"A Level History 04 1A 2A 31",200,176,161,137,113,90,67
2024,9HI0,"A Level History 04 1A 2A 32",200,174,159,135,112,89,66
2024,9HI0,"A Level History 04 1A 2A 33",200,173,158,135,112,89,67
2024,9HI0,"A Level History 04 1A 2A 35",200,173,158,135,112,90,68
2024,9HI0,"A Level History 04 1A 2A 36",200,174,159,135,112,89,66
2024,9HI0,"A Level History 04 1A 2A 37",200,175,160,136,112,89,66
2024,9HI0,"A Level History 04 1A 2A 38",200,174,159,135,112,89,66
2024,9HI0,"A Level History 04 1A 2A 39",200,174,159,135,112,89,66
2024,9HI0,"A Level History 04 1B 2B 30",200,174,159,136,113,90,67
2024,9HI0,"A Level History 04 1B 2B 33",200,172,157,134,112,90,68
2024,9HI0,"A Level History 04 1B 2B 34",200,174,159,136,113,90,68
2024,9HI0,"A Level History 04 1B 2B 35",200,172,157,135,113,91,69
2024,9HI0,"A Level History 04 1B 2B 36",200,173,158,135,112,89,67
2024,9HI0,"A Level History 04 1B 2B 37",200,174,159,136,113,90,67
2024,9HI0,"A Level History 04 1B 2B 38",200,173,158,135,112,89,67
2024,9HI0,"A Level History 04 1B 2B 39",200,173,158,135,112,89,67
2024,9HI0,"A Level History 04 1C 2C 30",200,173,158,135,112,89,66
2024,9HI0,"A Level History 04 1C 2C 31",200,174,159,136,113,90,67
2024,9HI0,"A Level History 04 1C 2C 33",200,171,156,133,111,89,67
2024,9HI0,"A Level History 04 1C 2C 34",200,173,158,135,112,89,67
2024,9HI0,"A Level History 04 1C 2C 35",200,171,156,134,112,90,68
2024,9HI0,"A Level History 04 1C 2C 36",200,172,157,134,111,88,66
2024,9HI0,"A Level History 04 1C 2C 37",200,173,158,135,112,89,66
2024,9HI0,"A Level History 04 1C 2C 39",200,170,157,134,111,88,66
2024,9HI0,"A Level History 04 1D 2D 31",200,176,161,137,114,91,68
2024,9HI0,"A Level History 04 1D 2D 33",200,173,158,135,112,90,68
2024,9HI0,"A Level History 04 1D 2D 37",200,175,160,136,113,90,67
2024,9HI0,"A Level History 04 1D 2D 38",200,174,159,136,113,90,67
2024,9HI0,"A Level History 04 1D 2D 39",200,174,159,136,113,90,67
2024,9HI0,"A Level History 04 1E 2E 30",200,176,161,137,114,91,68
2024,9HI0,"A Level History 04 1E 2E 31",200,177,162,138,115,92,69
2024,9HI0,"A Level History 04 1E 2E 34",200,176,161,138,115,92,69
2024,9HI0,"A Level History 04 1E 2E 35",200,174,159,136,114,92,70
2024,9HI0,"A Level History 04 1E 2E 36",200,174,160,137,114,91,68
2024,9HI0,"A Level History 04 1F 2F 30",200,172,157,135,113,91,69
2024,9HI0,"A Level History 04 1F 2F 31",200,173,158,136,114,92,70
2024,9HI0,"A Level History 04 1F 2F 34",200,172,157,135,113,91,70
2024,9HI0,"A Level History 04 1F 2F 35",200,170,155,134,113,92,71
2024,9HI0,"A Level History 04 1F 2F 36",200,171,156,134,112,90,69
2024,9HI0,"A Level History 04 1G 2G 30",200,174,159,136,113,90,67
2024,9HI0,"A Level History 04 1G 2G 31",200,175,160,137,114,91,68
2024,9HI0,"A Level History 04 1G 2G 34",200,174,159,136,113,90,68
2024,9HI0,"A Level History 04 1G 2G 35",200,174,157,135,113,91,69
2024,9HI0,"A Level History 04 1G 2G 36",200,173,158,135,112,89,67
2024,9HI0,"A Level History 04 1H 2H 30",200,173,158,135,112,89,67
2024,9HI0,"A Level History 04 1H 2H 31",200,174,159,136,113,90,68
2024,9HI0,"A Level History 04 1H 2H 32",200,172,157,134,111,89,67
2024,9HI0,"A Level History 04 1H 2H 33",200,171,156,134,112,90,68
2024,9HI0,"A Level History 04 1H 2H 34",200,173,158,135,112,90,68
2024,9HI0,"A Level History 04 1H 2H 35",200,171,156,134,112,90,69
2024,9HI0,"A Level History 04 1H 2H 36",200,172,157,134,111,89,67
2024,9HI0,"A Level History 04T 1B 2B 39",200,173,158,135,112,89,67
2024,9HI0,"A Level History 04T 1C 2C 31",200,174,159,136,113,90,67
2024,9HI0,"A Level History 04T 1C 2C 35",200,171,156,134,112,90,68
2024,9HI0,"A Level History 04T 1C 2C 36",200,172,157,134,111,88,66
2024,9HI0,"A Level History 04T 1C 2C 37",200,173,158,135,112,89,66
2024,9HI0,"A Level History 04T 1C 2C 39",200,170,157,134,111,88,66
2024,9HI0,"A Level History 04T 1D 2D 37",200,175,160,136,113,90,67
2024,9HI0,"A Level History 04T 1E 2E 30",200,176,161,137,114,91,68
2024,9HI0,"A Level History 04T 1E 2E 31",200,177,162,138,115,92,69
2024,9HI0,"A Level History 04T 1E 2E 34",200,176,161,138,115,92,69
2024,9HI0,"A Level History 04T 1E 2E 35",200,174,159,136,114,92,70
2024,9HI0,"A Level History 04T 1E 2E 36",200,174,160,137,114,91,68
2024,9HI0,"A Level History 04T 1F 2F 30",200,172,157,135,113,91,69
2024,9HI0,"A Level History 04T 1F 2F 31",200,173,158,136,114,92,70
2024,9HI0,"A Level History 04T 1F 2F 35",200,170,155,134,113,92,71
2024,9HI0,"A Level History 04T 1F 2F 36",200,171,156,134,112,90,69
2024,9HI0,"A Level History 04T 1G 2G 31",200,175,160,137,114,91,68
2024,9HI0,"A Level History 04T 1G 2G 35",200,174,157,135,113,91,69
2024,9HI0,"A Level History 04T 1G 2G 36",200,173,158,135,112,89,67
2024,9HI0,"A Level History 04T 1H 2H 30",200,173,158,135,112,89,67
2024,9HI0,"A Level History 04T 1H 2H 33",200,171,156,134,112,90,68
2024,9HI0,"A Level History 04T 1H 2H 34",200,173,158,135,112,90,68
2024,9HI0,"A Level History 04T 1H 2H 36",200,172,157,134,111,89,67
2024,9HT0,"A Level History of Art 01 02",220,162,137,111,86,61,36
2024,9IN0,"A Level Italian 01 02 03",400,331,287,243,199,155,112
2024,9JA0,"A Level Japanese 01 02 03",370,292,253,214,175,137,99
2024,9MA0,"A Level Mathematics 01 02 03",300,251,205,167,130,93,56
2024,9MU0,"A Level Music 01 02 03",250,203,185,161,137,113,90
2024,9MU0,"A Level Music 01T 02 03",250,203,185,161,137,113,90
2024,9MU0,"A Level Music 01 02T 03",250,203,185,161,137,113,90
2024,9MU0,"A Level Music 01T 02T 03",250,203,185,161,137,113,90
2024,9MT0,"A Level Music Technology 01 02 03 04",300,242,223,194,165,137,109
2024,9MT0,"A Level Music Technology 01T 02T 03 04",300,242,223,194,165,137,109
2024,9PN0,"A Level Persian 01 02 03",370,326,283,240,197,154,111
2024,9PE0,"A Level Physical Education 01 02 03 04",360,260,231,200,169,138,108
2024,9PE0,"A Level Physical Education 01 02 03T 04T",360,260,231,200,169,138,108
2024,9PH0,"A Level Physics 01 02 03",300,231,199,166,133,100,68
2024,9PL0,"A Level Politics 01 02 3A",252,177,156,132,108,84,60
2024,9PL0,"A Level Politics 01 02 3B",252,180,159,135,111,87,64
2024,9PG0,"A Level Portuguese 01 02 03",370,314,275,236,198,160,122
2024,9PS0,"A Level Psychology 01 02 03",270,159,139,116,93,70,47
2024,9RS0,"A Level Religious Studies 01 02 03",240,218,197,164,131,98,66
2024,9RS0,"A Level Religious Studies 01 02 4A",240,219,198,165,133,101,69
2024,9RS0,"A Level Religious Studies 01 02 4B",240,219,198,165,132,100,68
2024,9RS0,"A Level Religious Studies 01 02 4C",240,219,198,165,132,100,68
2024,9RS0,"A Level Religious Studies 01 02 4D",240,221,200,167,134,101,68
2024,9RS0,"A Level Religious Studies 01 02 4E",240,221,200,167,134,101,68
2024,9RS0,"A Level Religious Studies 01 02 4F",240,221,200,167,134,101,68
2024,9RS0,"A Level Religious Studies 01 03 4C",240,217,196,163,130,97,64
2024,9RS0,"A Level Religious Studies 02 03 4A",240,216,195,163,132,101,70
2024,9RS0,"A Level Religious Studies 02 03 4D",240,218,197,165,133,101,69
2024,9RU0,"A Level Russian 01 02 03",400,287,248,209,170,131,92
2024,9SP0,"A Level Spanish 01 02 03",400,328,292,248,205,162,119
2024,9ST0,"A Level Statistics 01 02 03",240,207,176,145,114,84,54
2024,9TU0,"A Level Turkish 01 02 03",370,339,309,259,209,159,110
2024,9UR0,"A Level Urdu 01 02 03",370,333,296,244,192,140,89
2025,9AA0,"A Level Arabic 01 02 03",370,266,233,200,168,136,104
2025,9AD0,"A Level Art and Design (Art, Craft and Design) 01 02",180,141,128,103,78,54,30
2025,9AD0,"A Level Art and Design (Art, Craft and Design) 01T 02",180,141,128,103,78,54,30
2025,9FA0,"A Level Art and Design (Fine Art) 01 02",180,141,128,103,78,54,30
2025,9GC0,"A Level Art and Design (Graphic Communication) 01 02",180,141,128,103,78,54,30
2025,9PY0,"A Level Art and Design (Photography) 01 02",180,144,131,106,82,58,34
2025,9TD0,"A Level Art and Design (3D Design) 01 02",180,141,128,103,78,54,30
2025,9TE0,"A Level Art and Design (Textile Design) 01 02",180,141,128,103,78,54,30
2025,9BN0,"A Level Biology A (Salters Nuffield) 01 02 03",300,225,200,173,146,119,92
2025,9BI0,"A Level Biology B 01 02 03",300,217,188,160,132,105,78
2025,9BS0,"A Level Business 01 02 03",335,250,231,200,169,139,109
2025,9CH0,"A Level Chemistry 01 02 03",300,246,207,170,133,96,60
2025,9CN0,"A Level Chinese 01 02 03",400,330,300,256,212,169,126
2025,9DT0,"A Level Design and Technology 01 02",240,187,170,146,122,99,76
2025,9DT0,"A Level Design and Technology 01 02T",240,187,170,146,122,99,76
2025,9DR0,"A Level Drama and Theatre 01 02 03",300,267,243,207,171,135,100
2025,9DR0,"A Level Drama and Theatre 01T 02 03",300,267,243,207,171,135,100
2025,9DR0,"A Level Drama and Theatre 01T 02T 03",300,267,243,207,171,135,100
2025,9EC0,"A Level Economics A 01 02 03",335,287,262,227,192,158,124
2025,9EB0,"A Level Economics B 01 02 03",335,224,195,169,143,118,93
2025,9EN0,"A Level English Language 01 02 03 04",250,174,152,128,105,82,59
2025,9EN0,"A Level English Language 01 02 03 04T",250,174,152,128,105,82,59
2025,9EL0,"A Level English Language & Literature 01 02 03",300,236,211,180,149,118,88
2025,9EL0,"A Level English Language & Literature 01 02 03T",300,236,211,180,149,118,88
2025,9ET0,"A Level English Literature 01 02 03 04",300,229,210,182,154,126,98
2025,9ET0,"A Level English Literature 01 02 03 04T",300,229,210,182,154,126,98
2025,9FR0,"A Level French 01 02 03",400,340,295,247,199,151,103
2025,9FM0,"A Level Further Mathematics 01 02 3A 4A",300,262,233,195,158,121,84
2025,9FM0,"A Level Further Mathematics 01 02 3A 3B",300,251,222,189,156,124,92
2025,9FM0,"A Level Further Mathematics 01 02 3A 3C",300,266,239,202,165,128,92
2025,9FM0,"A Level Further Mathematics 01 02 3A 3D",300,243,217,183,149,115,81
2025,9FM0,"A Level Further Mathematics 01 02 3B 3C",300,262,233,199,165,131,97
2025,9FM0,"A Level Further Mathematics 01 02 3B 3D",300,245,211,179,148,117,86
2025,9FM0,"A Level Further Mathematics 01 02 3B 4B",300,244,215,185,155,125,95
2025,9FM0,"A Level Further Mathematics 01 02 3C 3D",300,256,228,192,156,121,86
2025,9FM0,"A Level Further Mathematics 01 02 3C 4C",300,262,233,197,161,126,91
2025,9FM0,"A Level Further Mathematics 01 02 3D 4D",300,241,212,178,144,110,76
2025,9GE0,"A Level Geography 01 02 03 04",350,270,245,215,185,155,126
2025,9GE0,"A Level Geography 01 02 03 04T",350,270,245,215,185,155,126
2025,9GN0,"A Level German 01 02 03",400,333,284,235,186,138,90
2025,9GK0,"A Level Greek 01 02 03",370,317,277,237,198,159,120
2025,9GU0,"A Level Gujarati 01 02 03",370,258,226,194,162,130,98
2025,9HI0,"A Level History 04 1A 2A 30",200,174,160,137,114,92,70
2025,9HI0,"A Level History 04 1A 2A 31",200,175,161,138,115,93,71
2025,9HI0,"A Level History 04 1A 2A 32",200,173,159,136,114,92,70
2025,9HI0,"A Level History 04 1A 2A 33",200,174,160,137,115,93,71
2025,9HI0,"A Level History 04 1A 2A 35",200,172,158,136,114,92,71
2025,9HI0,"A Level History 04 1A 2A 36",200,175,161,138,115,92,70
2025,9HI0,"A Level History 04 1A 2A 38",200,173,159,136,114,92,70
2025,9HI0,"A Level History 04 1A 2A 39",200,174,160,137,114,92,70
2025,9HI0,"A Level History 04 1B 2B 30",200,173,159,136,114,92,70
2025,9HI0,"A Level History 04 1B 2B 33",200,173,159,137,115,93,71
2025,9HI0,"A Level History 04 1B 2B 34",200,173,159,136,114,92,70
2025,9HI0,"A Level History 04 1B 2B 35",200,171,157,135,113,92,71
2025,9HI0,"A Level History 04 1B 2B 36",200,174,160,137,114,92,70
2025,9HI0,"A Level History 04 1B 2B 37",200,174,160,137,115,93,71
2025,9HI0,"A Level History 04 1B 2B 38",200,172,158,136,114,92,70
2025,9HI0,"A Level History 04 1B 2B 39",200,173,159,136,114,92,70
2025,9HI0,"A Level History 04 1C 2C 30",200,173,159,136,114,92,70
2025,9HI0,"A Level History 04 1C 2C 31",200,174,160,137,115,93,71
2025,9HI0,"A Level History 04 1C 2C 32",200,172,158,136,114,92,70
2025,9HI0,"A Level History 04 1C 2C 33",200,173,159,137,115,93,71
2025,9HI0,"A Level History 04 1C 2C 34",200,173,159,136,114,92,70
2025,9HI0,"A Level History 04 1C 2C 35",200,171,157,135,113,92,71
2025,9HI0,"A Level History 04 1C 2C 36",200,174,160,137,114,92,70
2025,9HI0,"A Level History 04 1C 2C 37",200,174,160,137,115,93,71
2025,9HI0,"A Level History 04 1C 2C 39",200,173,159,136,114,92,70
2025,9HI0,"A Level History 04 1D 2D 30",200,174,160,137,115,93,71
2025,9HI0,"A Level History 04 1D 2D 31",200,175,161,138,116,94,72
2025,9HI0,"A Level History 04 1D 2D 33",200,174,160,138,116,94,72
2025,9HI0,"A Level History 04 1D 2D 37",200,175,161,138,116,94,72
2025,9HI0,"A Level History 04 1D 2D 38",200,173,159,137,115,93,71
2025,9HI0,"A Level History 04 1D 2D 39",200,174,160,137,115,93,71
2025,9HI0,"A Level History 04 1E 2E 30",200,173,159,137,115,93,71
2025,9HI0,"A Level History 04 1E 2E 31",200,174,160,138,116,94,72
2025,9HI0,"A Level History 04 1E 2E 34",200,173,159,137,115,93,71
2025,9HI0,"A Level History 04 1E 2E 35",200,171,157,135,114,93,72
2025,9HI0,"A Level History 04 1E 2E 36",200,172,160,137,115,93,71
2025,9HI0,"A Level History 04 1F 2F 30",200,173,159,137,115,93,71
2025,9HI0,"A Level History 04 1F 2F 31",200,174,160,138,116,94,72
2025,9HI0,"A Level History 04 1F 2F 34",200,173,159,137,115,93,71
2025,9HI0,"A Level History 04 1F 2F 35",200,172,157,135,114,93,72
2025,9HI0,"A Level History 04 1F 2F 36",200,174,160,137,115,93,71
2025,9HI0,"A Level History 04 1G 2G 30",200,174,160,137,114,92,70
2025,9HI0,"A Level History 04 1G 2G 31",200,175,161,138,115,93,71
2025,9HI0,"A Level History 04 1G 2G 34",200,174,160,137,114,92,70
2025,9HI0,"A Level History 04 1G 2G 35",200,173,158,136,114,92,71
2025,9HI0,"A Level History 04 1G 2G 36",200,175,161,138,115,92,70
2025,9HI0,"A Level History 04 1H 2H 30",200,173,159,136,114,92,70
2025,9HI0,"A Level History 04 1H 2H 31",200,174,160,137,115,93,71
2025,9HI0,"A Level History 04 1H 2H 32",200,172,158,136,114,92,70
2025,9HI0,"A Level History 04 1H 2H 33",200,174,159,137,115,93,71
2025,9HI0,"A Level History 04 1H 2H 34",200,173,159,136,114,92,70
2025,9HI0,"A Level History 04 1H 2H 35",200,171,157,135,113,92,71
2025,9HI0,"A Level History 04 1H 2H 36",200,174,160,137,114,92,70
2025,9HI0,"A Level History 04T 1A 2A 30",200,174,160,137,114,92,70
2025,9HI0,"A Level History 04T 1A 2A 33",200,174,160,137,115,93,71
2025,9HI0,"A Level History 04T 1A 2A 35",200,172,158,136,114,92,71
2025,9HI0,"A Level History 04T 1C 2C 33",200,173,159,137,115,93,71
2025,9HI0,"A Level History 04T 1C 2C 34",200,173,159,136,114,92,70
2025,9HI0,"A Level History 04T 1C 2C 36",200,174,160,137,114,92,70
2025,9HI0,"A Level History 04T 1C 2C 37",200,174,160,137,115,93,71
2025,9HI0,"A Level History 04T 1C 2C 39",200,173,159,136,114,92,70
2025,9HI0,"A Level History 04T 1D 2D 33",200,174,160,138,116,94,72
2025,9HI0,"A Level History 04T 1D 2D 37",200,175,161,138,116,94,72
2025,9HI0,"A Level History 04T 1D 2D 39",200,174,160,137,115,93,71
2025,9HI0,"A Level History 04T 1E 2E 30",200,173,159,137,115,93,71
2025,9HI0,"A Level History 04T 1E 2E 31",200,174,160,138,116,94,72
2025,9HI0,"A Level History 04T 1E 2E 34",200,173,159,137,115,93,71
2025,9HI0,"A Level History 04T 1E 2E 35",200,171,157,135,114,93,72
2025,9HI0,"A Level History 04T 1E 2E 36",200,172,160,137,115,93,71
2025,9HI0,"A Level History 04T 1F 2F 31",200,174,160,138,116,94,72
2025,9HI0,"A Level History 04T 1F 2F 34",200,173,159,137,115,93,71
2025,9HI0,"A Level History 04T 1F 2F 35",200,172,157,135,114,93,72
2025,9HI0,"A Level History 04T 1F 2F 36",200,174,160,137,115,93,71
2025,9HI0,"A Level History 04T 1G 2G 31",200,175,161,138,115,93,71
2025,9HI0,"A Level History 04T 1G 2G 35",200,173,158,136,114,92,71
2025,9HI0,"A Level History 04T 1G 2G 36",200,175,161,138,115,92,70
2025,9HI0,"A Level History 04T 1H 2H 30",200,173,159,136,114,92,70
2025,9HI0,"A Level History 04T 1H 2H 31",200,174,160,137,115,93,71
2025,9HI0,"A Level History 04T 1H 2H 33",200,174,159,137,115,93,71
2025,9HI0,"A Level History 04T 1H 2H 35",200,171,157,135,113,92,71
2025,9HI0,"A Level History 04T 1H 2H 36",200,174,160,137,114,92,70
2025,9HT0,"A Level History of Art 01 02",220,162,132,106,81,56,31
2025,9IN0,"A Level Italian 01 02 03",400,331,287,243,199,155,112
2025,9JA0,"A Level Japanese 01 02 03",370,292,253,214,175,137,99
2025,9MA0,"A Level Mathematics 01 02 03",300,258,214,178,142,106,71
2025,9MU0,"A Level Music 01 02 03",250,208,187,163,139,115,92
2025,9MU0,"A Level Music 01T 02 03",250,208,187,163,139,115,92
2025,9MU0,"A Level Music 01 02T 03",250,208,187,163,139,115,92
2025,9MU0,"A Level Music 01T 02T 03",250,208,187,163,139,115,92
2025,9MT0,"A Level Music Technology 01 02 03 04",300,244,222,192,163,134,105
2025,9MT0,"A Level Music Technology 01T 02 03 04",300,244,222,192,163,134,105
2025,9MT0,"A Level Music Technology 01T 02T 03 04",300,244,222,192,163,134,105
2025,9PN0,"A Level Persian 01 02 03",370,326,283,240,197,154,111
2025,9PE0,"A Level Physical Education 01 02 03 04",360,258,233,202,171,140,110
2025,9PE0,"A Level Physical Education 01 02 03T 04T",360,258,233,202,171,140,110
2025,9PH0,"A Level Physics 01 02 03",300,227,199,169,139,109,80
2025,9PL0,"A Level Politics 01 02 3A",252,177,157,134,111,88,66
2025,9PL0,"A Level Politics 01 02 3B",252,177,158,135,112,90,68
2025,9PG0,"A Level Portuguese 01 02 03",370,325,286,247,209,171,133
2025,9PS0,"A Level Psychology 01 02 03",270,161,139,115,92,69,46
2025,9RS0,"A Level Religious Studies 01 02 03",240,213,187,155,123,92,61
2025,9RS0,"A Level Religious Studies 01 02 4A",240,214,188,156,125,94,63
2025,9RS0,"A Level Religious Studies 01 02 4B",240,213,187,155,124,93,62
2025,9RS0,"A Level Religious Studies 01 02 4C",240,214,189,157,125,94,63
2025,9RS0,"A Level Religious Studies 01 02 4D",240,216,192,159,127,95,63
2025,9RS0,"A Level Religious Studies 01 02 4E",240,215,191,159,127,95,63
2025,9RS0,"A Level Religious Studies 01 02 4F",240,215,191,159,127,95,63
2025,9RS0,"A Level Religious Studies 01 03 4D",240,216,191,158,125,93,61
2025,9RS0,"A Level Religious Studies 02 03 4A",240,214,188,157,126,95,64
2025,9RS0,"A Level Religious Studies 02 03 4D",240,216,192,160,128,96,64
2025,9RU0,"A Level Russian 01 02 03",400,285,246,207,168,130,92
2025,9SP0,"A Level Spanish 01 02 03",400,339,299,256,213,170,128
2025,9ST0,"A Level Statistics 01 02 03",240,188,164,137,110,84,58
2025,9TU0,"A Level Turkish 01 02 03",370,338,307,257,207,158,109
2025,9UR0,"A Level Urdu 01 02 03",370,330,290,238,187,136,85